{
	"credit": "Made by XeKr with Blockbench",
	"parent": "minecraft:block/cross",
	"textures": {
		"1": "block/allium_3d",
		"particle": "block/allium_3d"
	},
	"elements": [
		{
			"from": [7, -1, 14],
			"to": [11, 9, 14],
			"shade": false,
			"rotation": {"angle": 22.5, "axis": "y", "origin": [9, 1, 14]},
			"faces": {
				"north": {"uv": [5, 5, 8, 15], "texture": "#1"},
				"south": {"uv": [5, 5, 8, 15], "texture": "#1"}
			}
		},
		{
			"from": [9, -1, 12],
			"to": [9, 9, 16],
			"shade": false,
			"rotation": {"angle": 22.5, "axis": "y", "origin": [9, 1, 14]},
			"faces": {
				"east": {"uv": [5, 5, 8, 15], "texture": "#1"},
				"west": {"uv": [5, 5, 8, 15], "texture": "#1"}
			}
		},
		{
			"from": [13, -1, 1],
			"to": [13, 7, 5],
			"shade": false,
			"rotation": {"angle": -22.5, "axis": "y", "origin": [13, -1, 3]},
			"faces": {
				"east": {"uv": [5, 5, 8, 13], "texture": "#1"},
				"west": {"uv": [5, 5, 8, 13], "texture": "#1"}
			}
		},
		{
			"from": [11, -1, 3],
			"to": [15, 7, 3],
			"shade": false,
			"rotation": {"angle": -22.5, "axis": "y", "origin": [13, -1, 3]},
			"faces": {
				"north": {"uv": [5, 5, 8, 13], "texture": "#1"},
				"south": {"uv": [5, 5, 8, 13], "texture": "#1"}
			}
		},
		{
			"from": [12.4, 4.9, 2.4],
			"to": [13.6, 6.1, 3.6],
			"shade": false,
			"rotation": {"angle": 22.5, "axis": "y", "origin": [13, 5.5, 3]},
			"faces": {
				"north": {"uv": [10, 2, 11, 3], "texture": "#1"},
				"east": {"uv": [10, 2, 11, 3], "texture": "#1"},
				"south": {"uv": [10, 2, 11, 3], "texture": "#1"},
				"west": {"uv": [10, 2, 11, 3], "texture": "#1"},
				"up": {"uv": [10, 2, 11, 3], "texture": "#1"},
				"down": {"uv": [10, 2, 11, 3], "texture": "#1"}
			}
		},
		{
			"from": [8.4, 6.9, 13.4],
			"to": [9.6, 8.1, 14.6],
			"shade": false,
			"rotation": {"angle": -22.5, "axis": "y", "origin": [9, 7.5, 14]},
			"faces": {
				"north": {"uv": [10, 2, 11, 3], "texture": "#1"},
				"east": {"uv": [10, 2, 11, 3], "texture": "#1"},
				"south": {"uv": [10, 2, 11, 3], "texture": "#1"},
				"west": {"uv": [10, 2, 11, 3], "texture": "#1"},
				"up": {"uv": [10, 2, 11, 3], "texture": "#1"},
				"down": {"uv": [10, 2, 11, 3], "texture": "#1"}
			}
		},
		{
			"from": [0, -1, 5],
			"to": [4, 8, 5],
			"shade": false,
			"rotation": {"angle": 0, "axis": "y", "origin": [2, 0, 5]},
			"faces": {
				"north": {"uv": [5, 5, 8, 14], "texture": "#1"},
				"south": {"uv": [5, 5, 8, 14], "texture": "#1"}
			}
		},
		{
			"from": [2, -1, 3],
			"to": [2, 8, 7],
			"shade": false,
			"rotation": {"angle": 0, "axis": "y", "origin": [2, 0, 5]},
			"faces": {
				"east": {"uv": [5, 5, 8, 14], "texture": "#1"},
				"west": {"uv": [5, 5, 8, 14], "texture": "#1"}
			}
		},
		{
			"from": [1.4, 5.9, 4.4],
			"to": [2.6, 7.1, 5.6],
			"shade": false,
			"rotation": {"angle": 45, "axis": "y", "origin": [2, 6.5, 5]},
			"faces": {
				"north": {"uv": [10, 2, 11, 3], "texture": "#1"},
				"east": {"uv": [10, 2, 11, 3], "texture": "#1"},
				"south": {"uv": [10, 2, 11, 3], "texture": "#1"},
				"west": {"uv": [10, 2, 11, 3], "texture": "#1"},
				"up": {"uv": [10, 2, 11, 3], "rotation": 90, "texture": "#1"},
				"down": {"uv": [10, 2, 11, 3], "rotation": 270, "texture": "#1"}
			}
		},
		{
			"from": [5, -1, 8],
			"to": [11, 12, 8],
			"shade": false,
			"rotation": {"angle": -45, "axis": "y", "origin": [8, -1, 8]},
			"faces": {
				"north": {"uv": [0, 3, 5, 16], "texture": "#1"},
				"south": {"uv": [0, 3, 5, 16], "texture": "#1"}
			}
		},
		{
			"from": [5, -1, 8],
			"to": [11, 12, 8],
			"shade": false,
			"rotation": {"angle": 45, "axis": "y", "origin": [8, -1, 8]},
			"faces": {
				"north": {"uv": [0, 3, 5, 16], "texture": "#1"},
				"south": {"uv": [0, 3, 5, 16], "texture": "#1"}
			}
		},
		{
			"from": [5, 9.5, 6.5],
			"to": [11, 9.5, 9.5],
			"shade": false,
			"rotation": {"angle": -45, "axis": "z", "origin": [8, 9.5, 8]},
			"faces": {
				"up": {"uv": [0, 0, 5, 3], "texture": "#1"},
				"down": {"uv": [0, 0, 5, 3], "rotation": 180, "texture": "#1"}
			}
		},
		{
			"from": [6.4, 7.9, 6.4],
			"to": [9.6, 11.1, 9.6],
			"shade": false,
			"rotation": {"angle": 0, "axis": "y", "origin": [6.5, 8, 6.5]},
			"faces": {
				"north": {"uv": [1, 4, 4, 7], "texture": "#1"},
				"east": {"uv": [1, 4, 4, 7], "texture": "#1"},
				"south": {"uv": [1, 4, 4, 7], "texture": "#1"},
				"west": {"uv": [1, 4, 4, 7], "texture": "#1"},
				"up": {"uv": [1, 4, 4, 7], "texture": "#1"},
				"down": {"uv": [1, 4, 4, 7], "texture": "#1"}
			}
		},
		{
			"from": [8, 6.5, 6.5],
			"to": [8, 12.5, 9.5],
			"shade": false,
			"rotation": {"angle": -45, "axis": "z", "origin": [8, 9.5, 8]},
			"faces": {
				"east": {"uv": [0, 0, 5, 3], "rotation": 90, "texture": "#1"},
				"west": {"uv": [0, 0, 5, 3], "rotation": 270, "texture": "#1"}
			}
		},
		{
			"from": [6.5, 9.5, 5],
			"to": [9.5, 9.5, 11],
			"shade": false,
			"rotation": {"angle": 45, "axis": "x", "origin": [8, 9.5, 8]},
			"faces": {
				"up": {"uv": [0, 0, 5, 3], "rotation": 90, "texture": "#1"},
				"down": {"uv": [0, 0, 5, 3], "rotation": 90, "texture": "#1"}
			}
		},
		{
			"from": [6.5, 6.5, 8],
			"to": [9.5, 12.5, 8],
			"shade": false,
			"rotation": {"angle": 45, "axis": "x", "origin": [8, 9.5, 8]},
			"faces": {
				"north": {"uv": [0, 0, 5, 3], "rotation": 270, "texture": "#1"},
				"south": {"uv": [0, 0, 5, 3], "rotation": 90, "texture": "#1"}
			}
		},
		{
			"from": [11, -1, 12],
			"to": [17, 15, 12],
			"shade": false,
			"rotation": {"angle": 22.5, "axis": "y", "origin": [14, 4, 12]},
			"faces": {
				"north": {"uv": [8, 0, 13, 16], "texture": "#1"},
				"south": {"uv": [8, 0, 13, 16], "texture": "#1"}
			}
		},
		{
			"from": [14, -1, 9],
			"to": [14, 15, 15],
			"shade": false,
			"rotation": {"angle": 22.5, "axis": "y", "origin": [14, 4, 12]},
			"faces": {
				"east": {"uv": [8, 0, 13, 16], "texture": "#1"},
				"west": {"uv": [8, 0, 13, 16], "texture": "#1"}
			}
		},
		{
			"from": [12.5, 11, 10.5],
			"to": [15.5, 14, 13.5],
			"shade": false,
			"rotation": {"angle": -22.5, "axis": "y", "origin": [14, 4, 12]},
			"faces": {
				"north": {"uv": [1, 4, 4, 7], "texture": "#1"},
				"east": {"uv": [1, 4, 4, 7], "texture": "#1"},
				"south": {"uv": [1, 4, 4, 7], "texture": "#1"},
				"west": {"uv": [1, 4, 4, 7], "texture": "#1"},
				"up": {"uv": [1, 4, 4, 7], "rotation": 270, "texture": "#1"},
				"down": {"uv": [1, 4, 4, 7], "rotation": 90, "texture": "#1"}
			}
		},
		{
			"from": [-1, -1, 14],
			"to": [5, 15, 14],
			"shade": false,
			"rotation": {"angle": 0, "axis": "y", "origin": [2, 4, 14]},
			"faces": {
				"north": {"uv": [8, 0, 13, 16], "texture": "#1"},
				"south": {"uv": [8, 0, 13, 16], "texture": "#1"}
			}
		},
		{
			"from": [2, -1, 11],
			"to": [2, 15, 17],
			"shade": false,
			"rotation": {"angle": 0, "axis": "y", "origin": [2, 4, 14]},
			"faces": {
				"east": {"uv": [8, 0, 13, 16], "texture": "#1"},
				"west": {"uv": [8, 0, 13, 16], "texture": "#1"}
			}
		},
		{
			"from": [0.5, 11, 12.5],
			"to": [3.5, 14, 15.5],
			"shade": false,
			"rotation": {"angle": -45, "axis": "y", "origin": [2, 4, 14]},
			"faces": {
				"north": {"uv": [1, 4, 4, 7], "texture": "#1"},
				"east": {"uv": [1, 4, 4, 7], "texture": "#1"},
				"south": {"uv": [1, 4, 4, 7], "texture": "#1"},
				"west": {"uv": [1, 4, 4, 7], "texture": "#1"},
				"up": {"uv": [1, 4, 4, 7], "rotation": 270, "texture": "#1"},
				"down": {"uv": [1, 4, 4, 7], "rotation": 90, "texture": "#1"}
			}
		},
		{
			"from": [4, -1, 0],
			"to": [10, 15, 0],
			"shade": false,
			"rotation": {"angle": 45, "axis": "y", "origin": [7, 4, 0]},
			"faces": {
				"north": {"uv": [8, 0, 13, 16], "texture": "#1"},
				"south": {"uv": [8, 0, 13, 16], "texture": "#1"}
			}
		},
		{
			"from": [7, -1, -3],
			"to": [7, 15, 3],
			"shade": false,
			"rotation": {"angle": 45, "axis": "y", "origin": [7, 4, 0]},
			"faces": {
				"east": {"uv": [8, 0, 13, 16], "texture": "#1"},
				"west": {"uv": [8, 0, 13, 16], "texture": "#1"}
			}
		},
		{
			"from": [5.5, 11, -1.5],
			"to": [8.5, 14, 1.5],
			"shade": false,
			"rotation": {"angle": 0, "axis": "y", "origin": [7, 4, 0]},
			"faces": {
				"north": {"uv": [1, 4, 4, 7], "texture": "#1"},
				"east": {"uv": [1, 4, 4, 7], "texture": "#1"},
				"south": {"uv": [1, 4, 4, 7], "texture": "#1"},
				"west": {"uv": [1, 4, 4, 7], "texture": "#1"},
				"up": {"uv": [1, 4, 4, 7], "rotation": 270, "texture": "#1"},
				"down": {"uv": [1, 4, 4, 7], "rotation": 90, "texture": "#1"}
			}
		}
	],
	"groups": [
		0,
		1,
		2,
		3,
		4,
		5,
		6,
		7,
		8,
		{
			"name": "group",
			"origin": [8, 9.5, 8],
			"color": 0,
			"shade": false,
			"children": [9, 10, 11, 12, 13, 14, 15]
		},
		16,
		17,
		18,
		19,
		20,
		21,
		22,
		23,
		24
	]
}