{
	"credit": "Made by XeKr with Blockbench",
	"parent": "minecraft:block/cross",
	"textures": {
		"1": "block/allium_3d",
		"particle": "block/allium_3d"
	},
	"elements": [
		{
			"from": [5, -1, 11],
			"to": [9, 10, 11],
			"shade": false,
			"rotation": {"angle": 22.5, "axis": "y", "origin": [7, 2, 11]},
			"faces": {
				"north": {"uv": [5, 5, 8, 16], "texture": "#1"},
				"south": {"uv": [5, 5, 8, 16], "texture": "#1"}
			}
		},
		{
			"from": [7, -1, 9],
			"to": [7, 10, 13],
			"shade": false,
			"rotation": {"angle": 22.5, "axis": "y", "origin": [7, 2, 11]},
			"faces": {
				"east": {"uv": [5, 5, 8, 16], "texture": "#1"},
				"west": {"uv": [5, 5, 8, 16], "texture": "#1"}
			}
		},
		{
			"from": [16, -1, 3],
			"to": [16, 8, 7],
			"shade": false,
			"rotation": {"angle": -22.5, "axis": "y", "origin": [16, 0, 5]},
			"faces": {
				"east": {"uv": [5, 5, 8, 14], "texture": "#1"},
				"west": {"uv": [5, 5, 8, 14], "texture": "#1"}
			}
		},
		{
			"from": [14, -1, 5],
			"to": [18, 8, 5],
			"shade": false,
			"rotation": {"angle": -22.5, "axis": "y", "origin": [16, 0, 5]},
			"faces": {
				"north": {"uv": [5, 5, 8, 14], "texture": "#1"},
				"south": {"uv": [5, 5, 8, 14], "texture": "#1"}
			}
		},
		{
			"from": [2, -1, 6],
			"to": [8, 11, 6],
			"shade": false,
			"rotation": {"angle": 0, "axis": "y", "origin": [5, 0, 6]},
			"faces": {
				"north": {"uv": [8, 0, 13, 12], "texture": "#1"},
				"south": {"uv": [8, 0, 13, 12], "texture": "#1"}
			}
		},
		{
			"from": [5, -1, 3],
			"to": [5, 11, 9],
			"shade": false,
			"rotation": {"angle": 0, "axis": "y", "origin": [5, 0, 6]},
			"faces": {
				"east": {"uv": [8, 0, 13, 12], "texture": "#1"},
				"west": {"uv": [8, 0, 13, 12], "texture": "#1"}
			}
		},
		{
			"from": [3.5, 7, 4.5],
			"to": [6.5, 10, 7.5],
			"shade": false,
			"rotation": {"angle": 45, "axis": "y", "origin": [5, 0, 6]},
			"faces": {
				"north": {"uv": [1, 4, 4, 7], "texture": "#1"},
				"east": {"uv": [1, 4, 4, 7], "texture": "#1"},
				"south": {"uv": [1, 4, 4, 7], "texture": "#1"},
				"west": {"uv": [1, 4, 4, 7], "texture": "#1"},
				"up": {"uv": [1, 4, 4, 7], "texture": "#1"},
				"down": {"uv": [1, 4, 4, 7], "texture": "#1"}
			}
		},
		{
			"from": [15.4, 5.9, 4.4],
			"to": [16.6, 7.1, 5.6],
			"shade": false,
			"rotation": {"angle": 22.5, "axis": "y", "origin": [16, 6.5, 5]},
			"faces": {
				"north": {"uv": [10, 2, 11, 3], "texture": "#1"},
				"east": {"uv": [10, 2, 11, 3], "texture": "#1"},
				"south": {"uv": [10, 2, 11, 3], "texture": "#1"},
				"west": {"uv": [10, 2, 11, 3], "texture": "#1"},
				"up": {"uv": [10, 2, 11, 3], "texture": "#1"},
				"down": {"uv": [10, 2, 11, 3], "texture": "#1"}
			}
		},
		{
			"from": [3, -2, -2],
			"to": [3, 7, 2],
			"shade": false,
			"rotation": {"angle": -22.5, "axis": "y", "origin": [3, -1, 0]},
			"faces": {
				"east": {"uv": [5, 5, 8, 14], "texture": "#1"},
				"west": {"uv": [5, 5, 8, 14], "texture": "#1"}
			}
		},
		{
			"from": [1, -2, 0],
			"to": [5, 7, 0],
			"shade": false,
			"rotation": {"angle": -22.5, "axis": "y", "origin": [3, -1, 0]},
			"faces": {
				"north": {"uv": [5, 5, 8, 14], "texture": "#1"},
				"south": {"uv": [5, 5, 8, 14], "texture": "#1"}
			}
		},
		{
			"from": [2.4, 4.9, -0.6],
			"to": [3.6, 6.1, 0.6],
			"shade": false,
			"rotation": {"angle": 22.5, "axis": "y", "origin": [3, 5.5, 0]},
			"faces": {
				"north": {"uv": [10, 2, 11, 3], "texture": "#1"},
				"east": {"uv": [10, 2, 11, 3], "texture": "#1"},
				"south": {"uv": [10, 2, 11, 3], "texture": "#1"},
				"west": {"uv": [10, 2, 11, 3], "texture": "#1"},
				"up": {"uv": [10, 2, 11, 3], "texture": "#1"},
				"down": {"uv": [10, 2, 11, 3], "texture": "#1"}
			}
		},
		{
			"from": [6.4, 7.9, 10.4],
			"to": [7.6, 9.1, 11.6],
			"shade": false,
			"rotation": {"angle": -22.5, "axis": "y", "origin": [7, 8.5, 11]},
			"faces": {
				"north": {"uv": [10, 2, 11, 3], "texture": "#1"},
				"east": {"uv": [10, 2, 11, 3], "texture": "#1"},
				"south": {"uv": [10, 2, 11, 3], "texture": "#1"},
				"west": {"uv": [10, 2, 11, 3], "texture": "#1"},
				"up": {"uv": [10, 2, 11, 3], "texture": "#1"},
				"down": {"uv": [10, 2, 11, 3], "texture": "#1"}
			}
		},
		{
			"from": [-1, -2, 15],
			"to": [3, 9, 15],
			"shade": false,
			"rotation": {"angle": 22.5, "axis": "y", "origin": [1, 1, 15]},
			"faces": {
				"north": {"uv": [5, 5, 8, 16], "texture": "#1"},
				"south": {"uv": [5, 5, 8, 16], "texture": "#1"}
			}
		},
		{
			"from": [1, -2, 13],
			"to": [1, 9, 17],
			"shade": false,
			"rotation": {"angle": 22.5, "axis": "y", "origin": [1, 1, 15]},
			"faces": {
				"east": {"uv": [5, 5, 8, 16], "texture": "#1"},
				"west": {"uv": [5, 5, 8, 16], "texture": "#1"}
			}
		},
		{
			"from": [0.4, 6.9, 14.4],
			"to": [1.6, 8.1, 15.6],
			"shade": false,
			"rotation": {"angle": -22.5, "axis": "y", "origin": [1, 7.5, 15]},
			"faces": {
				"north": {"uv": [10, 2, 11, 3], "texture": "#1"},
				"east": {"uv": [10, 2, 11, 3], "texture": "#1"},
				"south": {"uv": [10, 2, 11, 3], "texture": "#1"},
				"west": {"uv": [10, 2, 11, 3], "texture": "#1"},
				"up": {"uv": [10, 2, 11, 3], "texture": "#1"},
				"down": {"uv": [10, 2, 11, 3], "texture": "#1"}
			}
		},
		{
			"from": [9, -1, 10],
			"to": [15, 12, 10],
			"shade": false,
			"rotation": {"angle": -45, "axis": "y", "origin": [12, -1, 10]},
			"faces": {
				"north": {"uv": [0, 3, 5, 16], "texture": "#1"},
				"south": {"uv": [0, 3, 5, 16], "texture": "#1"}
			}
		},
		{
			"from": [9, -1, 10],
			"to": [15, 12, 10],
			"shade": false,
			"rotation": {"angle": 45, "axis": "y", "origin": [12, -1, 10]},
			"faces": {
				"north": {"uv": [0, 3, 5, 16], "texture": "#1"},
				"south": {"uv": [0, 3, 5, 16], "texture": "#1"}
			}
		},
		{
			"from": [10.4, 7.9, 8.4],
			"to": [13.6, 11.1, 11.6],
			"shade": false,
			"rotation": {"angle": 0, "axis": "y", "origin": [10.5, 8, 8.5]},
			"faces": {
				"north": {"uv": [1, 4, 4, 7], "texture": "#1"},
				"east": {"uv": [1, 4, 4, 7], "texture": "#1"},
				"south": {"uv": [1, 4, 4, 7], "texture": "#1"},
				"west": {"uv": [1, 4, 4, 7], "texture": "#1"},
				"up": {"uv": [1, 4, 4, 7], "texture": "#1"},
				"down": {"uv": [1, 4, 4, 7], "texture": "#1"}
			}
		},
		{
			"from": [9, 9.5, 8.5],
			"to": [15, 9.5, 11.5],
			"shade": false,
			"rotation": {"angle": -45, "axis": "z", "origin": [12, 9.5, 10]},
			"faces": {
				"up": {"uv": [0, 0, 5, 3], "texture": "#1"},
				"down": {"uv": [0, 0, 5, 3], "rotation": 180, "texture": "#1"}
			}
		},
		{
			"from": [12, 6.5, 8.5],
			"to": [12, 12.5, 11.5],
			"shade": false,
			"rotation": {"angle": -45, "axis": "z", "origin": [12, 9.5, 10]},
			"faces": {
				"east": {"uv": [0, 0, 5, 3], "rotation": 90, "texture": "#1"},
				"west": {"uv": [0, 0, 5, 3], "rotation": 270, "texture": "#1"}
			}
		},
		{
			"from": [10.5, 6.5, 10],
			"to": [13.5, 12.5, 10],
			"shade": false,
			"rotation": {"angle": 45, "axis": "x", "origin": [12, 9.5, 10]},
			"faces": {
				"north": {"uv": [0, 0, 5, 3], "rotation": 270, "texture": "#1"},
				"south": {"uv": [0, 0, 5, 3], "rotation": 90, "texture": "#1"}
			}
		},
		{
			"from": [10.5, 9.5, 7],
			"to": [13.5, 9.5, 13],
			"shade": false,
			"rotation": {"angle": 45, "axis": "x", "origin": [12, 9.5, 10]},
			"faces": {
				"up": {"uv": [0, 0, 5, 3], "rotation": 90, "texture": "#1"},
				"down": {"uv": [0, 0, 5, 3], "rotation": 90, "texture": "#1"}
			}
		}
	]
}