{
	"credit": "Made by XeKr with Blockbench",
	"parent": "minecraft:block/template_azalea",
	"ambientocclusion": false,
	"texture_size": [32, 32],
	"textures": {
		"0": "block/azalea_3d",
		"1": "block/azalea_3d2",
		"particle": "block/azalea_3d"
	},
	"elements": [
		{
			"from": [0, 0, 8],
			"to": [16, 16, 8],
			"rotation": {"angle": 45, "axis": "y", "origin": [8, 0, 8]},
			"faces": {
				"north": {"uv": [0, 0, 16, 16], "texture": "#0"},
				"south": {"uv": [0, 0, 16, 16], "texture": "#0"}
			}
		},
		{
			"from": [0, 0, 8],
			"to": [16, 16, 8],
			"rotation": {"angle": -45, "axis": "y", "origin": [8, 0, 8]},
			"faces": {
				"north": {"uv": [0, 0, 16, 16], "texture": "#0"},
				"south": {"uv": [0, 0, 16, 16], "texture": "#0"}
			}
		},
		{
			"from": [-3, 12.5, 0],
			"to": [19, 12.5, 16],
			"rotation": {"angle": -22.5, "axis": "z", "origin": [8, 12.5, 8]},
			"faces": {
				"up": {"uv": [16, 5, 8, 16], "rotation": 90, "texture": "#1"},
				"down": {"uv": [8, 5, 16, 16], "rotation": 90, "texture": "#1"}
			}
		},
		{
			"from": [0, 12.5, -3],
			"to": [16, 12.5, 19],
			"rotation": {"angle": 22.5, "axis": "x", "origin": [8, 12.5, 8]},
			"faces": {
				"up": {"uv": [16, 5, 8, 16], "rotation": 180, "texture": "#1"},
				"down": {"uv": [8, 5, 16, 16], "texture": "#1"}
			}
		},
		{
			"from": [-3, 12.5, 0],
			"to": [19, 12.5, 16],
			"rotation": {"angle": 22.5, "axis": "z", "origin": [8, 12.5, 8]},
			"faces": {
				"up": {"uv": [16, 5, 8, 16], "rotation": 270, "texture": "#1"},
				"down": {"uv": [8, 5, 16, 16], "rotation": 270, "texture": "#1"}
			}
		},
		{
			"from": [0, 12.5, -3],
			"to": [16, 12.5, 19],
			"rotation": {"angle": -22.5, "axis": "x", "origin": [8, 12.5, 8]},
			"faces": {
				"up": {"uv": [16, 5, 8, 16], "texture": "#1"},
				"down": {"uv": [8, 5, 16, 16], "rotation": 180, "texture": "#1"}
			}
		},
		{
			"from": [0, 12.5, -4],
			"to": [16, 12.5, 18],
			"rotation": {"angle": -45, "axis": "x", "origin": [8, 12.5, 8]},
			"faces": {
				"up": {"uv": [0, 5, 8, 16], "rotation": 180, "texture": "#1"},
				"down": {"uv": [8, 5, 0, 16], "texture": "#1"}
			}
		},
		{
			"from": [-4, 12.5, 0],
			"to": [18, 12.5, 16],
			"rotation": {"angle": 45, "axis": "z", "origin": [8, 12.5, 8]},
			"faces": {
				"up": {"uv": [0, 5, 8, 16], "rotation": 90, "texture": "#1"},
				"down": {"uv": [8, 5, 0, 16], "rotation": 90, "texture": "#1"}
			}
		},
		{
			"from": [-2, 12.5, 0],
			"to": [20, 12.5, 16],
			"rotation": {"angle": -45, "axis": "z", "origin": [8, 12.5, 8]},
			"faces": {
				"up": {"uv": [0, 5, 8, 16], "rotation": 270, "texture": "#1"},
				"down": {"uv": [8, 5, 0, 16], "rotation": 270, "texture": "#1"}
			}
		},
		{
			"from": [0, 12.5, -2],
			"to": [16, 12.5, 20],
			"rotation": {"angle": 45, "axis": "x", "origin": [8, 12.5, 8]},
			"faces": {
				"up": {"uv": [0, 5, 8, 16], "texture": "#1"},
				"down": {"uv": [8, 5, 0, 16], "rotation": 180, "texture": "#1"}
			}
		},
		{
			"from": [1.1, 6.2, 0],
			"to": [1.1, 15.2, 16],
			"rotation": {"angle": 0, "axis": "z", "origin": [8, 12.7, 8]},
			"faces": {
				"east": {"uv": [16, 11.5, 8, 16], "texture": "#1"},
				"west": {"uv": [16, 11.5, 8, 16], "texture": "#1"}
			}
		},
		{
			"from": [0, 6.2, 1.1],
			"to": [16, 15.2, 1.1],
			"rotation": {"angle": 0, "axis": "z", "origin": [8, 12.7, 8]},
			"faces": {
				"north": {"uv": [16, 11.5, 8, 16], "texture": "#1"},
				"south": {"uv": [16, 11.5, 8, 16], "texture": "#1"}
			}
		},
		{
			"from": [14.9, 6.2, 0],
			"to": [14.9, 15.2, 16],
			"rotation": {"angle": 0, "axis": "z", "origin": [8, 12.7, 8]},
			"faces": {
				"east": {"uv": [16, 11.5, 8, 16], "texture": "#1"},
				"west": {"uv": [16, 11.5, 8, 16], "texture": "#1"}
			}
		},
		{
			"from": [0, 6.2, 14.9],
			"to": [16, 15.2, 14.9],
			"rotation": {"angle": 0, "axis": "z", "origin": [8, 12.7, 8]},
			"faces": {
				"north": {"uv": [16, 11.5, 8, 16], "texture": "#1"},
				"south": {"uv": [16, 11.5, 8, 16], "texture": "#1"}
			}
		},
		{
			"from": [3, 15, 3],
			"to": [13, 15, 13],
			"rotation": {"angle": 0, "axis": "y", "origin": [8, 15, 8]},
			"faces": {
				"up": {"uv": [0, 0, 5, 5], "texture": "#1"},
				"down": {"uv": [0, 0, 5, 5], "texture": "#1"}
			}
		}
	]
}