{
	"credit": "Made by XeKr with Blockbench",
	"parent": "minecraft:block/cross",
	"textures": {
		"0": "block/dandelion_3d",
		"particle": "block/dandelion_3d"
	},
	"elements": [
		{
			"from": [3.5, -1, 8],
			"to": [12.5, 9, 8],
			"shade": false,
			"rotation": {"angle": 45, "axis": "y", "origin": [8, 4, 8]},
			"faces": {
				"north": {"uv": [9, 6, 0, 16], "texture": "#0"},
				"south": {"uv": [0, 6, 9, 16], "texture": "#0"}
			}
		},
		{
			"from": [8, -1, 4.5],
			"to": [8, 7, 11.5],
			"shade": false,
			"rotation": {"angle": 0, "axis": "y", "origin": [8, 4, 8]},
			"faces": {
				"east": {"uv": [9, 8, 16, 16], "texture": "#0"},
				"west": {"uv": [16, 8, 9, 16], "texture": "#0"}
			}
		},
		{
			"from": [4.5, -1, 8],
			"to": [11.5, 7, 8],
			"shade": false,
			"rotation": {"angle": -22.5, "axis": "y", "origin": [8, 4, 8]},
			"faces": {
				"north": {"uv": [16, 8, 9, 16], "texture": "#0"},
				"south": {"uv": [9, 8, 16, 16], "texture": "#0"}
			}
		},
		{
			"from": [5.5, 9, 7.5],
			"to": [8.5, 9, 10.5],
			"shade": false,
			"rotation": {"angle": 22.5, "axis": "x", "origin": [7, 9, 9]},
			"faces": {
				"up": {"uv": [0, 0, 3, 3], "texture": "#0"},
				"down": {"uv": [0, 3, 3, 0], "texture": "#0"}
			}
		},
		{
			"from": [3.3, 6, 5.2],
			"to": [6.3, 6, 8.2],
			"shade": false,
			"rotation": {"angle": 45, "axis": "z", "origin": [4.8, 6, 6.7]},
			"faces": {
				"up": {"uv": [0, 0, 3, 3], "rotation": 90, "texture": "#0"},
				"down": {"uv": [0, 3, 3, 0], "rotation": 270, "texture": "#0"}
			}
		},
		{
			"from": [4.3, 7, 9.7],
			"to": [6.3, 7, 11.7],
			"shade": false,
			"rotation": {"angle": 45, "axis": "y", "origin": [5.3, 7, 10.7]},
			"faces": {
				"up": {"uv": [6, 0, 8, 2], "rotation": 90, "texture": "#0"},
				"down": {"uv": [6, 2, 8, 0], "rotation": 270, "texture": "#0"}
			}
		},
		{
			"from": [7.3, 7, 6.7],
			"to": [9.3, 7, 8.7],
			"shade": false,
			"rotation": {"angle": -45, "axis": "x", "origin": [8.3, 7, 7.7]},
			"faces": {
				"up": {"uv": [6, 0, 8, 2], "rotation": 90, "texture": "#0"},
				"down": {"uv": [6, 2, 8, 0], "rotation": 270, "texture": "#0"}
			}
		},
		{
			"from": [9.4, 7, 7.7],
			"to": [12.4, 7, 10.7],
			"shade": false,
			"rotation": {"angle": 22.5, "axis": "y", "origin": [10.9, 7, 9.2]},
			"faces": {
				"up": {"uv": [0, 0, 3, 3], "texture": "#0"},
				"down": {"uv": [0, 3, 3, 0], "texture": "#0"}
			}
		},
		{
			"from": [6.5, 6, 10],
			"to": [9.5, 6, 13],
			"shade": false,
			"rotation": {"angle": 45, "axis": "x", "origin": [8, 6, 11.5]},
			"faces": {
				"up": {"uv": [3, 0, 6, 3], "texture": "#0"},
				"down": {"uv": [3, 3, 6, 0], "texture": "#0"}
			}
		},
		{
			"from": [6.5, 7, 3.5],
			"to": [9.5, 7, 6.5],
			"shade": false,
			"rotation": {"angle": -22.5, "axis": "y", "origin": [8, 7, 5]},
			"faces": {
				"up": {"uv": [3, 0, 6, 3], "rotation": 90, "texture": "#0"},
				"down": {"uv": [3, 3, 6, 0], "rotation": 270, "texture": "#0"}
			}
		},
		{
			"from": [9.5, 8.1, 3.5],
			"to": [12.5, 8.1, 6.5],
			"shade": false,
			"rotation": {"angle": -22.5, "axis": "x", "origin": [11, 8.1, 5]},
			"faces": {
				"up": {"uv": [0, 0, 3, 3], "rotation": 180, "texture": "#0"},
				"down": {"uv": [0, 3, 3, 0], "rotation": 180, "texture": "#0"}
			}
		}
	],
	"groups": [
		{
			"name": "group",
			"origin": [11, 8.1, 5],
			"color": 0,
			"children": [0, 1, 2, 3, 4, 5, 6, 7, 8, 9, 10]
		}
	]
}