{
	"credit": "Made by XeKr with Blockbench",
	"parent": "minecraft:block/cross",
	"textures": {
		"0": "block/lily_of_the_valley_3d",
		"particle": "block/lily_of_the_valley_3d"
	},
	"elements": [
		{
			"from": [4, -1, 3],
			"to": [13, 12, 3],
			"shade": false,
			"rotation": {"angle": -45, "axis": "y", "origin": [4, -1, 3]},
			"faces": {
				"north": {"uv": [9, 3, 0, 16], "texture": "#0"},
				"south": {"uv": [0, 3, 9, 16], "texture": "#0"}
			}
		},
		{
			"from": [4, -1, 3],
			"to": [4, 8, 10],
			"shade": false,
			"rotation": {"angle": 0, "axis": "y", "origin": [4, -1, 3]},
			"faces": {
				"east": {"uv": [9, 3, 2, 12], "texture": "#0"},
				"west": {"uv": [2, 3, 9, 12], "texture": "#0"}
			}
		},
		{
			"from": [-3, -1, 3],
			"to": [4, 6, 3],
			"shade": false,
			"rotation": {"angle": -22.5, "axis": "y", "origin": [4, -1, 3]},
			"faces": {
				"north": {"uv": [2, 3, 9, 10], "texture": "#0"},
				"south": {"uv": [9, 3, 2, 10], "texture": "#0"}
			}
		},
		{
			"from": [4, -1, -4],
			"to": [4, 8, 3],
			"shade": false,
			"rotation": {"angle": -45, "axis": "y", "origin": [4, -1, 3]},
			"faces": {
				"east": {"uv": [2, 3, 9, 12], "texture": "#0"},
				"west": {"uv": [9, 3, 2, 12], "texture": "#0"}
			}
		},
		{
			"from": [4, -1, -3],
			"to": [4, 3, 3],
			"shade": false,
			"rotation": {"angle": -22.5, "axis": "y", "origin": [4, -1, 3]},
			"faces": {
				"east": {"uv": [3, 3, 9, 7], "texture": "#0"},
				"west": {"uv": [9, 3, 3, 7], "texture": "#0"}
			}
		},
		{
			"from": [-2, -1, 3],
			"to": [4, 3, 3],
			"shade": false,
			"rotation": {"angle": 0, "axis": "y", "origin": [4, -1, 3]},
			"faces": {
				"north": {"uv": [3, 3, 9, 7], "texture": "#0"},
				"south": {"uv": [9, 3, 3, 7], "texture": "#0"}
			}
		},
		{
			"from": [4, -1, 3],
			"to": [4, 3, 9],
			"shade": false,
			"rotation": {"angle": 22.5, "axis": "y", "origin": [4, -1, 3]},
			"faces": {
				"east": {"uv": [9, 3, 3, 7], "texture": "#0"},
				"west": {"uv": [3, 3, 9, 7], "texture": "#0"}
			}
		},
		{
			"from": [4, -1, 3],
			"to": [8, 10, 3],
			"shade": false,
			"rotation": {"angle": 0, "axis": "y", "origin": [4, -1, 3]},
			"faces": {
				"north": {"uv": [14, 5, 10, 16], "texture": "#0"},
				"south": {"uv": [10, 5, 14, 16], "texture": "#0"}
			}
		},
		{
			"from": [0, -1, 3],
			"to": [4, 10, 3],
			"shade": false,
			"rotation": {"angle": -45, "axis": "y", "origin": [4, -1, 3]},
			"faces": {
				"north": {"uv": [10, 4, 14, 15], "texture": "#0"},
				"south": {"uv": [14, 4, 10, 15], "texture": "#0"}
			}
		},
		{
			"from": [4, -1, 3],
			"to": [4, 11, 7],
			"shade": false,
			"rotation": {"angle": -45, "axis": "y", "origin": [4, -1, 3]},
			"faces": {
				"east": {"uv": [14, 4, 10, 16], "texture": "#0"},
				"west": {"uv": [10, 4, 14, 16], "texture": "#0"}
			}
		},
		{
			"from": [-4, -1, 3],
			"to": [4, 12, 3],
			"shade": false,
			"rotation": {"angle": 22.5, "axis": "y", "origin": [4, -1, 3]},
			"faces": {
				"north": {"uv": [0, 3, 8, 16], "texture": "#0"},
				"south": {"uv": [8, 3, 0, 16], "texture": "#0"}
			}
		},
		{
			"from": [4, -1, -4],
			"to": [4, 11, 3],
			"shade": false,
			"rotation": {"angle": 0, "axis": "y", "origin": [4, -1, 3]},
			"faces": {
				"east": {"uv": [0, 4, 7, 16], "texture": "#0"},
				"west": {"uv": [7, 4, 0, 16], "texture": "#0"}
			}
		},
		{
			"from": [0, 0, 0],
			"to": [4, 0, 6],
			"shade": false,
			"rotation": {"angle": -22.5, "axis": "z", "origin": [4, 0, 3]},
			"faces": {
				"up": {"uv": [16, 0, 10, 4], "rotation": 90, "texture": "#0"},
				"down": {"uv": [10, 0, 16, 4], "rotation": 90, "texture": "#0"}
			}
		},
		{
			"from": [7, 6, 6],
			"to": [7, 9, 9],
			"shade": false,
			"rotation": {"angle": 22.5, "axis": "x", "origin": [7, 9, 6]},
			"faces": {
				"east": {"uv": [3, 0, 0, 3], "texture": "#0"},
				"west": {"uv": [0, 0, 3, 3], "texture": "#0"}
			}
		},
		{
			"from": [8, 7, 7],
			"to": [8, 10, 10],
			"shade": false,
			"rotation": {"angle": 22.5, "axis": "x", "origin": [8, 10, 7]},
			"faces": {
				"east": {"uv": [3, 0, 0, 3], "texture": "#0"},
				"west": {"uv": [0, 0, 3, 3], "texture": "#0"}
			}
		},
		{
			"from": [9, 8, 8],
			"to": [9, 11, 11],
			"shade": false,
			"rotation": {"angle": 22.5, "axis": "x", "origin": [9, 11, 8]},
			"faces": {
				"east": {"uv": [3, 0, 0, 3], "texture": "#0"},
				"west": {"uv": [0, 0, 3, 3], "texture": "#0"}
			}
		},
		{
			"from": [-4, 6.9, 5.1],
			"to": [-1, 9.9, 5.1],
			"shade": false,
			"rotation": {"angle": 22.5, "axis": "z", "origin": [-1, 9.9, 5.1]},
			"faces": {
				"north": {"uv": [0, 0, 3, 3], "texture": "#0"},
				"south": {"uv": [3, 0, 0, 3], "texture": "#0"}
			}
		},
		{
			"from": [-2.6, 4, 4.5],
			"to": [0.4, 7, 4.5],
			"shade": false,
			"rotation": {"angle": 22.5, "axis": "z", "origin": [0.4, 7, 4.5]},
			"faces": {
				"north": {"uv": [0, 0, 3, 3], "texture": "#0"},
				"south": {"uv": [3, 0, 0, 3], "texture": "#0"}
			}
		},
		{
			"from": [3.9, 4, -3.5],
			"to": [3.9, 7, -0.5],
			"shade": false,
			"rotation": {"angle": -22.5, "axis": "x", "origin": [3.9, 7, -0.5]},
			"faces": {
				"east": {"uv": [0, 0, 3, 3], "texture": "#0"},
				"west": {"uv": [3, 0, 0, 3], "texture": "#0"}
			}
		},
		{
			"from": [4.1, 7, -5.5],
			"to": [4.1, 10, -2.5],
			"shade": false,
			"rotation": {"angle": -22.5, "axis": "x", "origin": [4.1, 10, -2.5]},
			"faces": {
				"east": {"uv": [0, 0, 3, 3], "texture": "#0"},
				"west": {"uv": [3, 0, 0, 3], "texture": "#0"}
			}
		},
		{
			"from": [1, 0, -1],
			"to": [7, 0, 3],
			"shade": false,
			"rotation": {"angle": 22.5, "axis": "x", "origin": [4, 0, 3]},
			"faces": {
				"up": {"uv": [16, 0, 10, 4], "rotation": 180, "texture": "#0"},
				"down": {"uv": [10, 0, 16, 4], "texture": "#0"}
			}
		},
		{
			"from": [4, 0, 0],
			"to": [8, 0, 6],
			"shade": false,
			"rotation": {"angle": 22.5, "axis": "z", "origin": [4, 0, 3]},
			"faces": {
				"up": {"uv": [16, 0, 10, 4], "rotation": 270, "texture": "#0"},
				"down": {"uv": [10, 0, 16, 4], "rotation": 270, "texture": "#0"}
			}
		},
		{
			"from": [1, 0, 3],
			"to": [7, 0, 7],
			"shade": false,
			"rotation": {"angle": -22.5, "axis": "x", "origin": [4, 0, 3]},
			"faces": {
				"up": {"uv": [16, 0, 10, 4], "texture": "#0"},
				"down": {"uv": [10, 0, 16, 4], "rotation": 180, "texture": "#0"}
			}
		},
		{
			"from": [5, -1, 13],
			"to": [13, 10, 13],
			"shade": false,
			"rotation": {"angle": 22.5, "axis": "y", "origin": [13, -1, 13]},
			"faces": {
				"north": {"uv": [1, 3, 9, 14], "texture": "#0"},
				"south": {"uv": [9, 3, 1, 14], "texture": "#0"}
			}
		},
		{
			"from": [6, -1, 13],
			"to": [13, 6, 13],
			"shade": false,
			"rotation": {"angle": 0, "axis": "y", "origin": [13, -1, 13]},
			"faces": {
				"north": {"uv": [2, 3, 9, 10], "texture": "#0"},
				"south": {"uv": [9, 3, 2, 10], "texture": "#0"}
			}
		},
		{
			"from": [13, -1, 13],
			"to": [19, 3, 13],
			"shade": false,
			"rotation": {"angle": 0, "axis": "y", "origin": [13, -1, 13]},
			"faces": {
				"north": {"uv": [9, 3, 3, 7], "texture": "#0"},
				"south": {"uv": [3, 3, 9, 7], "texture": "#0"}
			}
		},
		{
			"from": [13, -1, 7],
			"to": [13, 3, 13],
			"shade": false,
			"rotation": {"angle": 0, "axis": "y", "origin": [13, -1, 13]},
			"faces": {
				"east": {"uv": [3, 3, 9, 7], "texture": "#0"},
				"west": {"uv": [9, 3, 3, 7], "texture": "#0"}
			}
		},
		{
			"from": [13, -1, 7],
			"to": [13, 3, 13],
			"shade": false,
			"rotation": {"angle": 22.5, "axis": "y", "origin": [13, -1, 13]},
			"faces": {
				"east": {"uv": [3, 3, 9, 7], "texture": "#0"},
				"west": {"uv": [9, 3, 3, 7], "texture": "#0"}
			}
		},
		{
			"from": [13, -1, 13],
			"to": [13, 10, 17],
			"shade": false,
			"rotation": {"angle": 0, "axis": "y", "origin": [13, -1, 13]},
			"faces": {
				"east": {"uv": [14, 5, 10, 16], "texture": "#0"},
				"west": {"uv": [10, 5, 14, 16], "texture": "#0"}
			}
		},
		{
			"from": [13, -1, 10],
			"to": [13, 8, 13],
			"shade": false,
			"rotation": {"angle": -45, "axis": "y", "origin": [13, -1, 13]},
			"faces": {
				"east": {"uv": [10, 6, 13, 15], "texture": "#0"},
				"west": {"uv": [13, 6, 10, 15], "texture": "#0"}
			}
		},
		{
			"from": [9, -1, 13],
			"to": [13, 11, 13],
			"shade": false,
			"rotation": {"angle": -45, "axis": "y", "origin": [13, -1, 13]},
			"faces": {
				"north": {"uv": [10, 4, 14, 16], "texture": "#0"},
				"south": {"uv": [14, 4, 10, 16], "texture": "#0"}
			}
		},
		{
			"from": [13, 6, 17],
			"to": [13, 9, 20],
			"shade": false,
			"rotation": {"angle": 22.5, "axis": "x", "origin": [13, 9, 17]},
			"faces": {
				"east": {"uv": [3, 0, 0, 3], "texture": "#0"},
				"west": {"uv": [0, 0, 3, 3], "texture": "#0"}
			}
		},
		{
			"from": [4, 6, 15.5],
			"to": [7, 9, 15.5],
			"shade": false,
			"rotation": {"angle": 22.5, "axis": "z", "origin": [7, 9, 15.5]},
			"faces": {
				"north": {"uv": [0, 0, 3, 3], "texture": "#0"},
				"south": {"uv": [3, 0, 0, 3], "texture": "#0"}
			}
		},
		{
			"from": [6.4, 4.7, 14.6],
			"to": [9.4, 7.7, 14.6],
			"shade": false,
			"rotation": {"angle": 22.5, "axis": "z", "origin": [9.4, 7.7, 14.6]},
			"faces": {
				"north": {"uv": [0, 0, 3, 3], "texture": "#0"},
				"south": {"uv": [3, 0, 0, 3], "texture": "#0"}
			}
		},
		{
			"from": [13.1, 3, 15],
			"to": [13.1, 6, 18],
			"shade": false,
			"rotation": {"angle": 22.5, "axis": "x", "origin": [13.1, 6, 15]},
			"faces": {
				"east": {"uv": [3, 0, 0, 3], "texture": "#0"},
				"west": {"uv": [0, 0, 3, 3], "texture": "#0"}
			}
		},
		{
			"from": [10, 0, 13],
			"to": [16, 0, 17],
			"shade": false,
			"rotation": {"angle": -22.5, "axis": "x", "origin": [13, 0, 13]},
			"faces": {
				"up": {"uv": [16, 0, 10, 4], "texture": "#0"},
				"down": {"uv": [10, 0, 16, 4], "rotation": 180, "texture": "#0"}
			}
		},
		{
			"from": [9, 0, 10],
			"to": [13, 0, 16],
			"shade": false,
			"rotation": {"angle": -22.5, "axis": "z", "origin": [13, 0, 13]},
			"faces": {
				"up": {"uv": [16, 0, 10, 4], "rotation": 90, "texture": "#0"},
				"down": {"uv": [10, 0, 16, 4], "rotation": 90, "texture": "#0"}
			}
		},
		{
			"from": [10, 0, 9],
			"to": [16, 0, 13],
			"shade": false,
			"rotation": {"angle": 22.5, "axis": "x", "origin": [13, 0, 13]},
			"faces": {
				"up": {"uv": [16, 0, 10, 4], "rotation": 180, "texture": "#0"},
				"down": {"uv": [10, 0, 16, 4], "texture": "#0"}
			}
		},
		{
			"from": [13, 0, 10],
			"to": [17, 0, 16],
			"shade": false,
			"rotation": {"angle": 22.5, "axis": "z", "origin": [13, 0, 13]},
			"faces": {
				"up": {"uv": [16, 0, 10, 4], "rotation": 270, "texture": "#0"},
				"down": {"uv": [10, 0, 16, 4], "rotation": 270, "texture": "#0"}
			}
		}
	],
	"groups": [
		{
			"name": "group",
			"origin": [8, 0, 8],
			"color": 0,
			"children": [0, 1, 2, 3, 4, 5, 6, 7, 8, 9, 10, 11, 12, 13, 14, 15, 16, 17, 18, 19, 20, 21, 22]
		},
		{
			"name": "group",
			"origin": [8, 0, 8],
			"color": 0,
			"children": [23, 24, 25, 26, 27, 28, 29, 30, 31, 32, 33, 34, 35, 36, 37, 38]
		}
	]
}