{
	"credit": "Made by XeKr with Blockbench",
	"parent": "block/flower_pot_cross",
	"textures": {
		"1": "block/pot_3d5",
		"2": "block/pot_3d5_2",
		"3": "block/cherry_pot",
		"particle": "block/pot_3d5"
	},
	"elements": [
		{
			"from": [4, 0, 4],
			"to": [12, 1, 12],
			"faces": {
				"north": {"uv": [1, 13, 9, 14], "texture": "#1"},
				"east": {"uv": [1, 13, 9, 14], "texture": "#1"},
				"south": {"uv": [1, 13, 9, 14], "texture": "#1"},
				"west": {"uv": [1, 13, 9, 14], "texture": "#1"},
				"down": {"uv": [0, 0, 8, 8], "texture": "#2"}
			}
		},
		{
			"from": [3.5, 3, 3.5],
			"to": [12.5, 4, 12.5],
			"faces": {
				"north": {"uv": [0, 10, 9, 11], "texture": "#1"},
				"east": {"uv": [0, 10, 9, 11], "texture": "#1"},
				"south": {"uv": [0, 10, 9, 11], "texture": "#1"},
				"west": {"uv": [0, 10, 9, 11], "texture": "#1"}
			}
		},
		{
			"from": [3, 1, 3],
			"to": [13, 3, 13],
			"faces": {
				"north": {"uv": [0, 11, 10, 13], "texture": "#1"},
				"east": {"uv": [0, 11, 10, 13], "texture": "#1"},
				"south": {"uv": [0, 11, 10, 13], "texture": "#1"},
				"west": {"uv": [0, 11, 10, 13], "texture": "#1"},
				"up": {"uv": [0, 0, 10, 10], "texture": "#1"},
				"down": {"uv": [0, 0, 10, 10], "texture": "#1"}
			}
		},
		{
			"from": [3, 4, 3],
			"to": [13, 5, 13],
			"faces": {
				"north": {"uv": [0, 9, 10, 10], "texture": "#1"},
				"east": {"uv": [0, 9, 10, 10], "texture": "#1"},
				"south": {"uv": [0, 9, 10, 10], "texture": "#1"},
				"west": {"uv": [0, 9, 10, 10], "texture": "#1"},
				"up": {"uv": [0, 0, 10, 10], "texture": "#1"},
				"down": {"uv": [0, 0, 10, 10], "texture": "#1"}
			}
		},
		{
			"from": [12.01, 5.01, 12.01],
			"to": [3.99, 4.04, 3.99],
			"rotation": {"angle": 0, "axis": "y", "origin": [1, -3, 1]},
			"faces": {
				"north": {"uv": [0, 10, 10, 9], "texture": "#1"},
				"east": {"uv": [0, 10, 10, 9], "texture": "#1"},
				"south": {"uv": [0, 10, 10, 9], "texture": "#1"},
				"west": {"uv": [0, 10, 10, 9], "texture": "#1"},
				"up": {"uv": [0, 8, 8, 16], "texture": "#2"}
			}
		},
		{
			"from": [0, 4, 8],
			"to": [16, 15, 8],
			"rotation": {"angle": 45, "axis": "y", "origin": [8, 5, 8]},
			"faces": {
				"north": {"uv": [16, 5, 0, 16], "texture": "#3"},
				"south": {"uv": [0, 5, 16, 16], "texture": "#3"}
			}
		},
		{
			"from": [0, 4, 8],
			"to": [16, 15, 8],
			"rotation": {"angle": -45, "axis": "y", "origin": [8, 5, 8]},
			"faces": {
				"north": {"uv": [16, 5, 0, 16], "texture": "#3"},
				"south": {"uv": [0, 5, 16, 16], "texture": "#3"}
			}
		},
		{
			"from": [4, 14.1, 8],
			"to": [9, 16.1, 13],
			"rotation": {"angle": -22.5, "axis": "z", "origin": [6.5, 15.1, 10.5]},
			"faces": {
				"north": {"uv": [0, 0, 5, 2], "texture": "#3"},
				"east": {"uv": [0, 0, 5, 2], "texture": "#3"},
				"south": {"uv": [0, 0, 5, 2], "texture": "#3"},
				"west": {"uv": [0, 0, 5, 2], "texture": "#3"},
				"up": {"uv": [0, 0, 5, 5], "texture": "#3"},
				"down": {"uv": [0, 0, 5, 5], "texture": "#3"}
			}
		},
		{
			"from": [9, 12.3, 10],
			"to": [14, 14.3, 15],
			"rotation": {"angle": -22.5, "axis": "x", "origin": [11.5, 13.3, 12.5]},
			"faces": {
				"north": {"uv": [4, 0, 9, 2], "texture": "#3"},
				"east": {"uv": [4, 0, 9, 2], "texture": "#3"},
				"south": {"uv": [4, 0, 9, 2], "texture": "#3"},
				"west": {"uv": [4, 0, 9, 2], "texture": "#3"},
				"up": {"uv": [4, 0, 9, 5], "texture": "#3"},
				"down": {"uv": [4, 0, 9, 5], "texture": "#3"}
			}
		},
		{
			"from": [3, 10, 5],
			"to": [8, 11, 9],
			"rotation": {"angle": 0, "axis": "y", "origin": [8, 10, 5]},
			"faces": {
				"north": {"uv": [9, 0, 14, 1], "texture": "#3"},
				"east": {"uv": [9, 0, 13, 1], "texture": "#3"},
				"south": {"uv": [9, 0, 14, 1], "texture": "#3"},
				"west": {"uv": [9, 0, 13, 1], "texture": "#3"},
				"up": {"uv": [9, 0, 14, 4], "texture": "#3"},
				"down": {"uv": [9, 0, 14, 4], "texture": "#3"}
			}
		},
		{
			"from": [3.5, 10.8, 10.2],
			"to": [11.5, 11.8, 15.2],
			"rotation": {"angle": 22.5, "axis": "x", "origin": [7.5, 11.3, 12.7]},
			"faces": {
				"north": {"uv": [6, 0, 14, 1], "texture": "#3"},
				"east": {"uv": [6, 0, 11, 1], "texture": "#3"},
				"south": {"uv": [6, 0, 14, 1], "texture": "#3"},
				"west": {"uv": [6, 0, 11, 1], "texture": "#3"},
				"up": {"uv": [6, 0, 14, 5], "texture": "#3"},
				"down": {"uv": [6, 0, 14, 5], "texture": "#3"}
			}
		},
		{
			"from": [11.1, 7.5, 2.3],
			"to": [16.1, 8.5, 7.3],
			"rotation": {"angle": -22.5, "axis": "z", "origin": [13.6, 8, 4.8]},
			"faces": {
				"north": {"uv": [11, 0, 16, 1], "texture": "#3"},
				"east": {"uv": [11, 0, 16, 1], "texture": "#3"},
				"south": {"uv": [11, 0, 16, 1], "texture": "#3"},
				"west": {"uv": [11, 0, 16, 1], "texture": "#3"},
				"up": {"uv": [11, 0, 16, 5], "texture": "#3"},
				"down": {"uv": [11, 0, 16, 5], "texture": "#3"}
			}
		},
		{
			"from": [10.1, 8.1, 10.6],
			"to": [15.1, 9.1, 15.6],
			"rotation": {"angle": 22.5, "axis": "x", "origin": [12.6, 8.6, 13.1]},
			"faces": {
				"north": {"uv": [4, 0, 9, 1], "texture": "#3"},
				"east": {"uv": [4, 0, 9, 1], "texture": "#3"},
				"south": {"uv": [4, 0, 9, 1], "texture": "#3"},
				"west": {"uv": [4, 0, 9, 1], "texture": "#3"},
				"up": {"uv": [4, 0, 9, 5], "texture": "#3"},
				"down": {"uv": [4, 0, 9, 5], "texture": "#3"}
			}
		},
		{
			"from": [5.7, 10.5, 1],
			"to": [9.7, 12.5, 6],
			"rotation": {"angle": -22.5, "axis": "x", "origin": [7.7, 11.5, 3.5]},
			"faces": {
				"north": {"uv": [10, 0, 14, 2], "texture": "#3"},
				"east": {"uv": [10, 0, 15, 2], "texture": "#3"},
				"south": {"uv": [10, 0, 14, 2], "texture": "#3"},
				"west": {"uv": [10, 0, 15, 2], "texture": "#3"},
				"up": {"uv": [10, 0, 14, 5], "texture": "#3"},
				"down": {"uv": [10, 0, 14, 5], "texture": "#3"}
			}
		},
		{
			"from": [-0.8, 7, 8],
			"to": [4.2, 9, 12],
			"rotation": {"angle": 22.5, "axis": "z", "origin": [1.7, 8, 10]},
			"faces": {
				"north": {"uv": [0, 0, 5, 2], "texture": "#3"},
				"east": {"uv": [0, 0, 4, 2], "texture": "#3"},
				"south": {"uv": [0, 0, 5, 2], "texture": "#3"},
				"west": {"uv": [0, 0, 4, 2], "texture": "#3"},
				"up": {"uv": [0, 0, 5, 4], "texture": "#3"},
				"down": {"uv": [0, 0, 5, 4], "texture": "#3"}
			}
		},
		{
			"from": [3, 7, 0.3],
			"to": [7, 8, 4.3],
			"rotation": {"angle": -22.5, "axis": "x", "origin": [5, 7.5, 2.3]},
			"faces": {
				"north": {"uv": [3, 1, 7, 2], "texture": "#3"},
				"east": {"uv": [3, 1, 7, 2], "texture": "#3"},
				"south": {"uv": [3, 1, 7, 2], "texture": "#3"},
				"west": {"uv": [3, 1, 7, 2], "texture": "#3"},
				"up": {"uv": [3, 1, 7, 5], "texture": "#3"},
				"down": {"uv": [3, 1, 7, 5], "texture": "#3"}
			}
		},
		{
			"from": [4, 13, 3],
			"to": [7, 14, 7],
			"rotation": {"angle": 0, "axis": "y", "origin": [8, 13, 3]},
			"faces": {
				"north": {"uv": [11, 0, 14, 1], "texture": "#3"},
				"east": {"uv": [11, 0, 15, 1], "texture": "#3"},
				"south": {"uv": [11, 0, 14, 1], "texture": "#3"},
				"west": {"uv": [11, 0, 15, 1], "texture": "#3"},
				"up": {"uv": [11, 0, 14, 4], "texture": "#3"},
				"down": {"uv": [11, 0, 14, 4], "texture": "#3"}
			}
		},
		{
			"from": [9, 12, 3],
			"to": [13, 13, 7],
			"rotation": {"angle": 22.5, "axis": "z", "origin": [11, 12.5, 5]},
			"faces": {
				"north": {"uv": [8, 1, 12, 2], "texture": "#3"},
				"east": {"uv": [8, 1, 12, 2], "texture": "#3"},
				"south": {"uv": [8, 1, 12, 2], "texture": "#3"},
				"west": {"uv": [8, 1, 12, 2], "texture": "#3"},
				"up": {"uv": [8, 1, 12, 5], "texture": "#3"},
				"down": {"uv": [8, 1, 12, 5], "texture": "#3"}
			}
		},
		{
			"from": [2.3, 14.5, 1.1],
			"to": [6.3, 15.5, 5.1],
			"rotation": {"angle": 22.5, "axis": "x", "origin": [4.3, 15, 3.1]},
			"faces": {
				"north": {"uv": [8, 1, 12, 2], "texture": "#3"},
				"east": {"uv": [8, 1, 12, 2], "texture": "#3"},
				"south": {"uv": [8, 1, 12, 2], "texture": "#3"},
				"west": {"uv": [8, 1, 12, 2], "texture": "#3"},
				"up": {"uv": [8, 1, 12, 5], "texture": "#3"},
				"down": {"uv": [8, 1, 12, 5], "texture": "#3"}
			}
		}
	],
	"groups": [
		0,
		1,
		2,
		3,
		4,
		5,
		6,
		{
			"name": "group",
			"origin": [13, 12, 3],
			"color": 0,
			"children": [7, 8, 9, 10, 11, 12, 13, 14, 15, 16, 17, 18]
		}
	]
}