{
	"credit": "Made by XeKr with Blockbench",
	"parent": "block/flower_pot_cross",
	"textures": {
		"0": "block/torchflower_3d",
		"1": "block/pot_3d11",
		"particle": "block/pot_3d11"
	},
	"elements": [
		{
			"from": [4, 2, 4],
			"to": [12, 6, 12],
			"faces": {
				"north": {"uv": [8, 2, 16, 6], "texture": "#1"},
				"east": {"uv": [8, 2, 16, 6], "texture": "#1"},
				"south": {"uv": [8, 2, 16, 6], "texture": "#1"},
				"west": {"uv": [8, 2, 16, 6], "texture": "#1"},
				"up": {"uv": [0, 0, 8, 8], "texture": "#1"},
				"down": {"uv": [8, 8, 16, 16], "texture": "#1"}
			}
		},
		{
			"from": [5, 0, 5],
			"to": [11, 2, 11],
			"faces": {
				"north": {"uv": [9, 6, 15, 8], "texture": "#1"},
				"east": {"uv": [9, 6, 15, 8], "texture": "#1"},
				"south": {"uv": [9, 6, 15, 8], "texture": "#1"},
				"west": {"uv": [9, 6, 15, 8], "texture": "#1"},
				"down": {"uv": [9, 9, 15, 15], "texture": "#1"}
			}
		},
		{
			"from": [11.01, 6.01, 11.01],
			"to": [4.99, 4.04, 4.99],
			"faces": {
				"north": {"uv": [9, 4, 15, 2], "texture": "#1"},
				"east": {"uv": [9, 4, 15, 2], "texture": "#1"},
				"south": {"uv": [9, 4, 15, 2], "texture": "#1"},
				"west": {"uv": [9, 4, 15, 2], "texture": "#1"},
				"up": {"uv": [1, 9, 7, 15], "texture": "#1"}
			}
		},
		{
			"from": [6.9, 9, 6.9],
			"to": [9.1, 14, 9.1],
			"shade": false,
			"rotation": {"angle": -45, "axis": "y", "origin": [8, 9, 8]},
			"faces": {
				"north": {"uv": [12, 0, 14, 5], "texture": "#0"},
				"east": {"uv": [12, 0, 14, 5], "texture": "#0"},
				"south": {"uv": [12, 0, 14, 5], "texture": "#0"},
				"west": {"uv": [12, 0, 14, 5], "texture": "#0"},
				"down": {"uv": [14, 6, 16, 8], "texture": "#0"}
			}
		},
		{
			"from": [9.1, 14, 9.1],
			"to": [6.9, 9, 6.9],
			"shade": false,
			"rotation": {"angle": -45, "axis": "y", "origin": [8, 9, 8]},
			"faces": {
				"north": {"uv": [12, 5, 14, 0], "texture": "#0"},
				"east": {"uv": [12, 5, 14, 0], "texture": "#0"},
				"south": {"uv": [12, 5, 14, 0], "texture": "#0"},
				"west": {"uv": [12, 5, 14, 0], "texture": "#0"},
				"up": {"uv": [14, 6, 16, 8], "texture": "#0"}
			}
		},
		{
			"from": [7, 9, 8],
			"to": [9, 17, 8],
			"shade": false,
			"rotation": {"angle": 0, "axis": "y", "origin": [8, 9, 8]},
			"faces": {
				"north": {"uv": [14, 0, 16, 8], "texture": "#0"},
				"south": {"uv": [14, 0, 16, 8], "texture": "#0"}
			}
		},
		{
			"from": [8, 9, 7],
			"to": [8, 17, 9],
			"shade": false,
			"rotation": {"angle": 0, "axis": "y", "origin": [8, 9, 8]},
			"faces": {
				"east": {"uv": [14, 0, 16, 8], "texture": "#0"},
				"west": {"uv": [14, 0, 16, 8], "texture": "#0"}
			}
		},
		{
			"from": [7.5, 2, 7.5],
			"to": [8.5, 9, 8.5],
			"shade": false,
			"rotation": {"angle": 45, "axis": "y", "origin": [8, 4.5, 8]},
			"faces": {
				"north": {"uv": [15, 8, 16, 15], "texture": "#0"},
				"east": {"uv": [15, 8, 16, 15], "texture": "#0"},
				"south": {"uv": [15, 8, 16, 15], "texture": "#0"},
				"west": {"uv": [15, 8, 16, 15], "texture": "#0"}
			}
		},
		{
			"from": [-1, 2, 8],
			"to": [8, 9, 8],
			"shade": false,
			"rotation": {"angle": 22.5, "axis": "y", "origin": [8, 2, 8]},
			"faces": {
				"north": {"uv": [9, 6, 0, 13], "texture": "#0"},
				"south": {"uv": [0, 6, 9, 13], "texture": "#0"}
			}
		},
		{
			"from": [-1, 2, 8],
			"to": [8, 9, 8],
			"shade": false,
			"rotation": {"angle": -45, "axis": "y", "origin": [8, 2, 8]},
			"faces": {
				"north": {"uv": [9, 6, 0, 13], "texture": "#0"},
				"south": {"uv": [0, 6, 9, 13], "texture": "#0"}
			}
		},
		{
			"from": [8, 2, -1],
			"to": [8, 9, 8],
			"shade": false,
			"rotation": {"angle": -22.5, "axis": "y", "origin": [8, 2, 8]},
			"faces": {
				"east": {"uv": [9, 6, 0, 13], "texture": "#0"},
				"west": {"uv": [0, 6, 9, 13], "texture": "#0"}
			}
		},
		{
			"from": [8, 2, 8],
			"to": [17, 9, 8],
			"shade": false,
			"rotation": {"angle": 0, "axis": "y", "origin": [8, 2, 8]},
			"faces": {
				"north": {"uv": [0, 6, 9, 13], "texture": "#0"},
				"south": {"uv": [9, 6, 0, 13], "texture": "#0"}
			}
		},
		{
			"from": [8, 2, 8],
			"to": [8, 9, 17],
			"shade": false,
			"rotation": {"angle": 0, "axis": "y", "origin": [8, 2, 8]},
			"faces": {
				"east": {"uv": [0, 6, 9, 13], "texture": "#0"},
				"west": {"uv": [9, 6, 0, 13], "texture": "#0"}
			}
		},
		{
			"from": [8, 4, 8],
			"to": [8, 10, 14],
			"shade": false,
			"rotation": {"angle": 22.5, "axis": "y", "origin": [8, 2, 8]},
			"faces": {
				"east": {"uv": [0, 0, 6, 6], "texture": "#0"},
				"west": {"uv": [6, 0, 0, 6], "texture": "#0"}
			}
		},
		{
			"from": [8, 4, 8],
			"to": [8, 10, 14],
			"shade": false,
			"rotation": {"angle": -45, "axis": "y", "origin": [8, 2, 8]},
			"faces": {
				"east": {"uv": [0, 0, 6, 6], "texture": "#0"},
				"west": {"uv": [6, 0, 0, 6], "texture": "#0"}
			}
		},
		{
			"from": [2, 4, 8],
			"to": [8, 10, 8],
			"shade": false,
			"rotation": {"angle": -22.5, "axis": "y", "origin": [8, 2, 8]},
			"faces": {
				"north": {"uv": [6, 0, 0, 6], "texture": "#0"},
				"south": {"uv": [0, 0, 6, 6], "texture": "#0"}
			}
		},
		{
			"from": [8, 4, 2],
			"to": [8, 10, 8],
			"shade": false,
			"rotation": {"angle": 0, "axis": "y", "origin": [8, 2, 8]},
			"faces": {
				"east": {"uv": [6, 0, 0, 6], "texture": "#0"},
				"west": {"uv": [0, 0, 6, 6], "texture": "#0"}
			}
		},
		{
			"from": [8, 4, 8],
			"to": [14, 10, 8],
			"shade": false,
			"rotation": {"angle": 22.5, "axis": "y", "origin": [8, 2, 8]},
			"faces": {
				"north": {"uv": [0, 0, 6, 6], "texture": "#0"},
				"south": {"uv": [6, 0, 0, 6], "texture": "#0"}
			}
		}
	],
	"groups": [
		0,
		1,
		2,
		{
			"name": "group",
			"origin": [8, 8, 8],
			"color": 0,
			"children": [3, 4, 5, 6, 7, 8, 9, 10, 11, 12, 13, 14, 15, 16, 17]
		}
	]
}