{
	"credit": "Made by XeKr with Blockbench",
	"ambientocclusion": false,
	"textures": {
		"particle": "block/melon_stem",
		"stem": "block/melon_stem",
		"tip": "block/melon_stem_flower"
	},
	"elements": [
		{
			"from": [0, 12, 8],
			"to": [10, 25, 8],
			"rotation": {"angle": 0, "axis": "y", "origin": [8, 0, 8]},
			"faces": {
				"north": {"uv": [10, 3, 0, 16], "texture": "#tip"},
				"south": {"uv": [0, 3, 10, 16], "texture": "#tip"}
			}
		},
		{
			"from": [0, -1, 8],
			"to": [16, 15, 8],
			"rotation": {"angle": 45, "axis": "y", "origin": [8, 8, 8]},
			"faces": {
				"north": {"uv": [0, 0, 16, 16], "texture": "#stem"},
				"south": {"uv": [0, 0, 16, 16], "texture": "#stem"}
			}
		},
		{
			"from": [8, -1, 0],
			"to": [8, 15, 16],
			"rotation": {"angle": 45, "axis": "y", "origin": [8, 8, 8]},
			"faces": {
				"east": {"uv": [0, 0, 16, 16], "texture": "#stem"},
				"west": {"uv": [0, 0, 16, 16], "texture": "#stem"}
			}
		},
		{
			"from": [8, 17.5, 5.5],
			"to": [13, 22.5, 10.5],
			"rotation": {"angle": -45, "axis": "z", "origin": [10, 20, 8]},
			"faces": {
				"north": {"uv": [11, 0, 16, 5], "rotation": 90, "texture": "#tip"},
				"east": {"uv": [11, 5, 16, 10], "texture": "#tip"},
				"south": {"uv": [11, 0, 16, 5], "rotation": 270, "texture": "#tip"},
				"west": {"uv": [11, 5, 16, 10], "texture": "#tip"},
				"up": {"uv": [11, 0, 16, 5], "rotation": 270, "texture": "#tip"},
				"down": {"uv": [11, 0, 16, 5], "rotation": 270, "texture": "#tip"}
			}
		},
		{
			"from": [13, 17.5, 8],
			"to": [16, 22.5, 8],
			"rotation": {"angle": -45, "axis": "z", "origin": [10, 20, 8]},
			"faces": {
				"north": {"uv": [11, 10, 16, 13], "rotation": 90, "texture": "#tip"},
				"south": {"uv": [11, 10, 16, 13], "rotation": 270, "texture": "#tip"}
			}
		},
		{
			"from": [13, 20, 5.5],
			"to": [16, 20, 10.5],
			"rotation": {"angle": -45, "axis": "z", "origin": [10, 20, 8]},
			"faces": {
				"up": {"uv": [11, 10, 16, 13], "rotation": 270, "texture": "#tip"},
				"down": {"uv": [11, 10, 16, 13], "rotation": 270, "texture": "#tip"}
			}
		}
	]
}