{
	"credit": "Made by XeKr with Blockbench",
	"parent": "minecraft:block/tinted_cross",
	"textures": {
		"0": "block/sugar_cane_3d",
		"particle": "block/sugar_cane_3d"
	},
	"elements": [
		{
			"from": [7, -2, 7],
			"to": [9, 14, 9],
			"rotation": {"angle": -22.5, "axis": "y", "origin": [8, 0, 8]},
			"faces": {
				"north": {"uv": [4, 0, 6, 16], "texture": "#0"},
				"east": {"uv": [4, 0, 6, 16], "texture": "#0"},
				"south": {"uv": [4, 0, 6, 16], "texture": "#0"},
				"west": {"uv": [4, 0, 6, 16], "texture": "#0"},
				"up": {"uv": [6, 0, 8, 2], "texture": "#0", "cullface": "up"},
				"down": {"uv": [6, 0, 8, 2], "texture": "#0", "cullface": "down"}
			}
		},
		{
			"from": [4, 0, 2],
			"to": [6, 16, 4],
			"rotation": {"angle": 22.5, "axis": "y", "origin": [5, 8, 3]},
			"faces": {
				"north": {"uv": [0, 0, 2, 16], "texture": "#0"},
				"east": {"uv": [0, 0, 2, 16], "texture": "#0"},
				"south": {"uv": [0, 0, 2, 16], "texture": "#0"},
				"west": {"uv": [0, 0, 2, 16], "texture": "#0"},
				"up": {"uv": [6, 0, 8, 2], "texture": "#0", "cullface": "up"},
				"down": {"uv": [6, 0, 8, 2], "texture": "#0", "cullface": "down"}
			}
		},
		{
			"from": [10, 0, 12],
			"to": [12, 16, 14],
			"rotation": {"angle": 22.5, "axis": "y", "origin": [11, 8, 13]},
			"faces": {
				"north": {"uv": [0, 0, 2, 16], "texture": "#0"},
				"east": {"uv": [0, 0, 2, 16], "texture": "#0"},
				"south": {"uv": [0, 0, 2, 16], "texture": "#0"},
				"west": {"uv": [0, 0, 2, 16], "texture": "#0"},
				"up": {"uv": [6, 0, 8, 2], "rotation": 180, "texture": "#0", "cullface": "up"},
				"down": {"uv": [6, 0, 8, 2], "rotation": 180, "texture": "#0", "cullface": "down"}
			}
		},
		{
			"from": [12, -4, 4],
			"to": [14, 12, 6],
			"rotation": {"angle": 22.5, "axis": "y", "origin": [13, 8, 5]},
			"faces": {
				"north": {"uv": [2, 0, 4, 16], "texture": "#0"},
				"east": {"uv": [2, 0, 4, 16], "texture": "#0"},
				"south": {"uv": [2, 0, 4, 16], "texture": "#0"},
				"west": {"uv": [2, 0, 4, 16], "texture": "#0"},
				"up": {"uv": [6, 0, 8, 2], "texture": "#0", "cullface": "up"},
				"down": {"uv": [6, 0, 8, 2], "texture": "#0", "cullface": "down"}
			}
		},
		{
			"from": [2, -4, 10],
			"to": [4, 12, 12],
			"rotation": {"angle": 22.5, "axis": "y", "origin": [3, 8, 11]},
			"faces": {
				"north": {"uv": [2, 0, 4, 16], "texture": "#0"},
				"east": {"uv": [2, 0, 4, 16], "texture": "#0"},
				"south": {"uv": [2, 0, 4, 16], "texture": "#0"},
				"west": {"uv": [2, 0, 4, 16], "texture": "#0"},
				"up": {"uv": [6, 0, 8, 2], "rotation": 180, "texture": "#0", "cullface": "up"},
				"down": {"uv": [6, 0, 8, 2], "rotation": 180, "texture": "#0", "cullface": "down"}
			}
		},
		{
			"from": [0, 10, 3],
			"to": [4, 15, 3],
			"rotation": {"angle": 22.5, "axis": "y", "origin": [5, 13, 3]},
			"faces": {
				"north": {"uv": [6, 3, 10, 8], "texture": "#0"},
				"south": {"uv": [10, 3, 6, 8], "texture": "#0"}
			}
		},
		{
			"from": [0, 10, 3],
			"to": [4, 15, 3],
			"rotation": {"angle": -45, "axis": "y", "origin": [5, 13, 3]},
			"faces": {
				"north": {"uv": [6, 3, 10, 8], "texture": "#0"},
				"south": {"uv": [10, 3, 6, 8], "texture": "#0"}
			}
		},
		{
			"from": [5, 10, -2],
			"to": [5, 15, 2],
			"rotation": {"angle": -22.5, "axis": "y", "origin": [5, 13, 3]},
			"faces": {
				"east": {"uv": [6, 3, 10, 8], "texture": "#0"},
				"west": {"uv": [10, 3, 6, 8], "texture": "#0"}
			}
		},
		{
			"from": [6, 10, 3],
			"to": [10, 15, 3],
			"rotation": {"angle": 0, "axis": "y", "origin": [5, 13, 3]},
			"faces": {
				"north": {"uv": [10, 3, 6, 8], "texture": "#0"},
				"south": {"uv": [6, 3, 10, 8], "texture": "#0"}
			}
		},
		{
			"from": [5, 10, 4],
			"to": [5, 15, 8],
			"rotation": {"angle": 22.5, "axis": "y", "origin": [5, 13, 3]},
			"faces": {
				"east": {"uv": [10, 3, 6, 8], "texture": "#0"},
				"west": {"uv": [6, 3, 10, 8], "texture": "#0"}
			}
		},
		{
			"from": [6, 5, 13],
			"to": [10, 10, 13],
			"rotation": {"angle": 45, "axis": "y", "origin": [11, 8, 13]},
			"faces": {
				"north": {"uv": [6, 3, 10, 8], "texture": "#0"},
				"south": {"uv": [10, 3, 6, 8], "texture": "#0"}
			}
		},
		{
			"from": [6, 5, 13],
			"to": [10, 10, 13],
			"rotation": {"angle": -22.5, "axis": "y", "origin": [11, 8, 13]},
			"faces": {
				"north": {"uv": [6, 3, 10, 8], "texture": "#0"},
				"south": {"uv": [10, 3, 6, 8], "texture": "#0"}
			}
		},
		{
			"from": [11, 5, 8],
			"to": [11, 10, 12],
			"rotation": {"angle": 0, "axis": "y", "origin": [11, 8, 13]},
			"faces": {
				"east": {"uv": [6, 3, 10, 8], "texture": "#0"},
				"west": {"uv": [10, 3, 6, 8], "texture": "#0"}
			}
		},
		{
			"from": [12, 5, 13],
			"to": [16, 10, 13],
			"rotation": {"angle": 22.5, "axis": "y", "origin": [11, 8, 13]},
			"faces": {
				"north": {"uv": [10, 3, 6, 8], "texture": "#0"},
				"south": {"uv": [6, 3, 10, 8], "texture": "#0"}
			}
		},
		{
			"from": [11, 5, 14],
			"to": [11, 10, 18],
			"rotation": {"angle": 45, "axis": "y", "origin": [11, 8, 13]},
			"faces": {
				"east": {"uv": [10, 3, 6, 8], "texture": "#0"},
				"west": {"uv": [6, 3, 10, 8], "texture": "#0"}
			}
		},
		{
			"from": [3, 1, 12],
			"to": [3, 6, 16],
			"rotation": {"angle": -22.5, "axis": "y", "origin": [3, 4, 11]},
			"faces": {
				"east": {"uv": [10, 3, 6, 8], "texture": "#0"},
				"west": {"uv": [6, 3, 10, 8], "texture": "#0"}
			}
		},
		{
			"from": [-2, 1, 11],
			"to": [2, 6, 11],
			"rotation": {"angle": 0, "axis": "y", "origin": [3, 4, 11]},
			"faces": {
				"north": {"uv": [6, 3, 10, 8], "texture": "#0"},
				"south": {"uv": [10, 3, 6, 8], "texture": "#0"}
			}
		},
		{
			"from": [3, 1, 6],
			"to": [3, 6, 10],
			"rotation": {"angle": 22.5, "axis": "y", "origin": [3, 4, 11]},
			"faces": {
				"east": {"uv": [6, 3, 10, 8], "texture": "#0"},
				"west": {"uv": [10, 3, 6, 8], "texture": "#0"}
			}
		},
		{
			"from": [4, 1, 11],
			"to": [8, 6, 11],
			"rotation": {"angle": 45, "axis": "y", "origin": [3, 4, 11]},
			"faces": {
				"north": {"uv": [10, 3, 6, 8], "texture": "#0"},
				"south": {"uv": [6, 3, 10, 8], "texture": "#0"}
			}
		},
		{
			"from": [4, 1, 11],
			"to": [8, 6, 11],
			"rotation": {"angle": -22.5, "axis": "y", "origin": [3, 4, 11]},
			"faces": {
				"north": {"uv": [10, 3, 6, 8], "texture": "#0"},
				"south": {"uv": [6, 3, 10, 8], "texture": "#0"}
			}
		},
		{
			"from": [13, 7, 6],
			"to": [13, 12, 10],
			"rotation": {"angle": 0, "axis": "y", "origin": [13, 10, 5]},
			"faces": {
				"east": {"uv": [10, 3, 6, 8], "texture": "#0"},
				"west": {"uv": [6, 3, 10, 8], "texture": "#0"}
			}
		},
		{
			"from": [8, 7, 5],
			"to": [12, 12, 5],
			"rotation": {"angle": 22.5, "axis": "y", "origin": [13, 10, 5]},
			"faces": {
				"north": {"uv": [6, 3, 10, 8], "texture": "#0"},
				"south": {"uv": [10, 3, 6, 8], "texture": "#0"}
			}
		},
		{
			"from": [13, 7, 0],
			"to": [13, 12, 4],
			"rotation": {"angle": 45, "axis": "y", "origin": [13, 10, 5]},
			"faces": {
				"east": {"uv": [6, 3, 10, 8], "texture": "#0"},
				"west": {"uv": [10, 3, 6, 8], "texture": "#0"}
			}
		},
		{
			"from": [13, 7, 0],
			"to": [13, 12, 4],
			"rotation": {"angle": -22.5, "axis": "y", "origin": [13, 10, 5]},
			"faces": {
				"east": {"uv": [6, 3, 10, 8], "texture": "#0"},
				"west": {"uv": [10, 3, 6, 8], "texture": "#0"}
			}
		},
		{
			"from": [14, 7, 5],
			"to": [18, 12, 5],
			"rotation": {"angle": 0, "axis": "y", "origin": [13, 10, 5]},
			"faces": {
				"north": {"uv": [10, 3, 6, 8], "texture": "#0"},
				"south": {"uv": [6, 3, 10, 8], "texture": "#0"}
			}
		}
	],
	"groups": [
		0,
		1,
		2,
		3,
		4,
		{
			"name": "group",
			"origin": [5, 13, 3],
			"color": 0,
			"children": [5, 6, 7, 8, 9]
		},
		{
			"name": "group",
			"origin": [5, 13, 3],
			"color": 0,
			"children": [10, 11, 12, 13, 14]
		},
		{
			"name": "group",
			"origin": [5, 13, 3],
			"color": 0,
			"children": [15, 16, 17, 18, 19]
		},
		{
			"name": "group",
			"origin": [5, 13, 3],
			"color": 0,
			"children": [20, 21, 22, 23, 24]
		}
	]
}