{
	"credit": "Made by XeKr with Blockbench",
	"parent": "minecraft:block/cross",
	"textures": {
		"cross": "block/torchflower_3d"
	},
	"elements": [
		{
			"from": [6.9, 6, 6.9],
			"to": [9.1, 11, 9.1],
			"shade": false,
			"rotation": {"angle": -45, "axis": "y", "origin": [8, 6, 8]},
			"faces": {
				"north": {"uv": [12, 0, 14, 5], "texture": "#cross"},
				"east": {"uv": [12, 0, 14, 5], "texture": "#cross"},
				"south": {"uv": [12, 0, 14, 5], "texture": "#cross"},
				"west": {"uv": [12, 0, 14, 5], "texture": "#cross"},
				"down": {"uv": [14, 6, 16, 8], "texture": "#cross"}
			}
		},
		{
			"from": [9.1, 11, 9.1],
			"to": [6.9, 6, 6.9],
			"shade": false,
			"rotation": {"angle": -45, "axis": "y", "origin": [8, 6, 8]},
			"faces": {
				"north": {"uv": [12, 5, 14, 0], "texture": "#cross"},
				"east": {"uv": [12, 5, 14, 0], "texture": "#cross"},
				"south": {"uv": [12, 5, 14, 0], "texture": "#cross"},
				"west": {"uv": [12, 5, 14, 0], "texture": "#cross"},
				"up": {"uv": [14, 6, 16, 8], "texture": "#cross"}
			}
		},
		{
			"from": [7, 6, 8],
			"to": [9, 14, 8],
			"shade": false,
			"rotation": {"angle": 0, "axis": "y", "origin": [8, 6, 8]},
			"faces": {
				"north": {"uv": [14, 0, 16, 8], "texture": "#cross"},
				"south": {"uv": [14, 0, 16, 8], "texture": "#cross"}
			}
		},
		{
			"from": [8, 6, 7],
			"to": [8, 14, 9],
			"shade": false,
			"rotation": {"angle": 0, "axis": "y", "origin": [8, 6, 8]},
			"faces": {
				"east": {"uv": [14, 0, 16, 8], "texture": "#cross"},
				"west": {"uv": [14, 0, 16, 8], "texture": "#cross"}
			}
		},
		{
			"from": [7.5, -1, 7.5],
			"to": [8.5, 6, 8.5],
			"shade": false,
			"rotation": {"angle": 45, "axis": "y", "origin": [8, 1.5, 8]},
			"faces": {
				"north": {"uv": [15, 8, 16, 15], "texture": "#cross"},
				"east": {"uv": [15, 8, 16, 15], "texture": "#cross"},
				"south": {"uv": [15, 8, 16, 15], "texture": "#cross"},
				"west": {"uv": [15, 8, 16, 15], "texture": "#cross"}
			}
		},
		{
			"from": [1, -1, 8],
			"to": [8, 2, 8],
			"shade": false,
			"rotation": {"angle": 0, "axis": "y", "origin": [8, -1, 8]},
			"faces": {
				"north": {"uv": [7, 13, 0, 16], "texture": "#cross"},
				"south": {"uv": [0, 13, 7, 16], "texture": "#cross"}
			}
		},
		{
			"from": [8, -1, 1],
			"to": [8, 2, 8],
			"shade": false,
			"rotation": {"angle": 22.5, "axis": "y", "origin": [8, -1, 8]},
			"faces": {
				"east": {"uv": [7, 13, 0, 16], "texture": "#cross"},
				"west": {"uv": [0, 13, 7, 16], "texture": "#cross"}
			}
		},
		{
			"from": [8, -1, 1],
			"to": [8, 2, 8],
			"shade": false,
			"rotation": {"angle": -45, "axis": "y", "origin": [8, -1, 8]},
			"faces": {
				"east": {"uv": [7, 13, 0, 16], "texture": "#cross"},
				"west": {"uv": [0, 13, 7, 16], "texture": "#cross"}
			}
		},
		{
			"from": [8, -1, 8],
			"to": [15, 2, 8],
			"shade": false,
			"rotation": {"angle": -22.5, "axis": "y", "origin": [8, -1, 8]},
			"faces": {
				"north": {"uv": [0, 13, 7, 16], "texture": "#cross"},
				"south": {"uv": [7, 13, 0, 16], "texture": "#cross"}
			}
		},
		{
			"from": [8, -1, 8],
			"to": [8, 2, 15],
			"shade": false,
			"rotation": {"angle": -22.5, "axis": "y", "origin": [8, -1, 8]},
			"faces": {
				"east": {"uv": [0, 13, 7, 16], "texture": "#cross"},
				"west": {"uv": [7, 13, 0, 16], "texture": "#cross"}
			}
		},
		{
			"from": [-1, -1, 8],
			"to": [8, 6, 8],
			"shade": false,
			"rotation": {"angle": 22.5, "axis": "y", "origin": [8, -1, 8]},
			"faces": {
				"north": {"uv": [9, 6, 0, 13], "texture": "#cross"},
				"south": {"uv": [0, 6, 9, 13], "texture": "#cross"}
			}
		},
		{
			"from": [-1, -1, 8],
			"to": [8, 6, 8],
			"shade": false,
			"rotation": {"angle": -45, "axis": "y", "origin": [8, -1, 8]},
			"faces": {
				"north": {"uv": [9, 6, 0, 13], "texture": "#cross"},
				"south": {"uv": [0, 6, 9, 13], "texture": "#cross"}
			}
		},
		{
			"from": [8, -1, -1],
			"to": [8, 6, 8],
			"shade": false,
			"rotation": {"angle": -22.5, "axis": "y", "origin": [8, -1, 8]},
			"faces": {
				"east": {"uv": [9, 6, 0, 13], "texture": "#cross"},
				"west": {"uv": [0, 6, 9, 13], "texture": "#cross"}
			}
		},
		{
			"from": [8, -1, 8],
			"to": [17, 6, 8],
			"shade": false,
			"rotation": {"angle": 0, "axis": "y", "origin": [8, -1, 8]},
			"faces": {
				"north": {"uv": [0, 6, 9, 13], "texture": "#cross"},
				"south": {"uv": [9, 6, 0, 13], "texture": "#cross"}
			}
		},
		{
			"from": [8, -1, 8],
			"to": [8, 6, 17],
			"shade": false,
			"rotation": {"angle": 0, "axis": "y", "origin": [8, -1, 8]},
			"faces": {
				"east": {"uv": [0, 6, 9, 13], "texture": "#cross"},
				"west": {"uv": [9, 6, 0, 13], "texture": "#cross"}
			}
		},
		{
			"from": [8, 1, 8],
			"to": [8, 7, 14],
			"shade": false,
			"rotation": {"angle": 22.5, "axis": "y", "origin": [8, -1, 8]},
			"faces": {
				"east": {"uv": [0, 0, 6, 6], "texture": "#cross"},
				"west": {"uv": [6, 0, 0, 6], "texture": "#cross"}
			}
		},
		{
			"from": [8, 1, 8],
			"to": [8, 7, 14],
			"shade": false,
			"rotation": {"angle": -45, "axis": "y", "origin": [8, -1, 8]},
			"faces": {
				"east": {"uv": [0, 0, 6, 6], "texture": "#cross"},
				"west": {"uv": [6, 0, 0, 6], "texture": "#cross"}
			}
		},
		{
			"from": [2, 1, 8],
			"to": [8, 7, 8],
			"shade": false,
			"rotation": {"angle": -22.5, "axis": "y", "origin": [8, -1, 8]},
			"faces": {
				"north": {"uv": [6, 0, 0, 6], "texture": "#cross"},
				"south": {"uv": [0, 0, 6, 6], "texture": "#cross"}
			}
		},
		{
			"from": [8, 1, 2],
			"to": [8, 7, 8],
			"shade": false,
			"rotation": {"angle": 0, "axis": "y", "origin": [8, -1, 8]},
			"faces": {
				"east": {"uv": [6, 0, 0, 6], "texture": "#cross"},
				"west": {"uv": [0, 0, 6, 6], "texture": "#cross"}
			}
		},
		{
			"from": [8, 1, 8],
			"to": [14, 7, 8],
			"shade": false,
			"rotation": {"angle": 22.5, "axis": "y", "origin": [8, -1, 8]},
			"faces": {
				"north": {"uv": [0, 0, 6, 6], "texture": "#cross"},
				"south": {"uv": [6, 0, 0, 6], "texture": "#cross"}
			}
		},
		{
			"from": [0, 0.4, 7],
			"to": [8, 0.4, 9],
			"shade": false,
			"rotation": {"angle": -22.5, "axis": "y", "origin": [8, 0.5, 8]},
			"faces": {
				"up": {"uv": [12, 8, 14, 16], "rotation": 270, "texture": "#cross"},
				"down": {"uv": [12, 16, 14, 8], "rotation": 90, "texture": "#cross"}
			}
		},
		{
			"from": [7, 0.6, 1],
			"to": [9, 0.6, 8],
			"shade": false,
			"rotation": {"angle": 0, "axis": "y", "origin": [8, 0.5, 8]},
			"faces": {
				"up": {"uv": [12, 8, 14, 15], "texture": "#cross"},
				"down": {"uv": [12, 15, 14, 8], "texture": "#cross"}
			}
		},
		{
			"from": [7, 0.3, 3],
			"to": [9, 0.3, 8],
			"shade": false,
			"rotation": {"angle": 22.5, "axis": "y", "origin": [8, 0.5, 8]},
			"faces": {
				"up": {"uv": [14, 8, 12, 13], "texture": "#cross"},
				"down": {"uv": [14, 13, 12, 8], "texture": "#cross"}
			}
		},
		{
			"from": [8, 0.2, 7],
			"to": [16, 0.2, 9],
			"shade": false,
			"rotation": {"angle": 22.5, "axis": "y", "origin": [8, 0.5, 8]},
			"faces": {
				"up": {"uv": [14, 8, 12, 16], "rotation": 90, "texture": "#cross"},
				"down": {"uv": [14, 16, 12, 8], "rotation": 270, "texture": "#cross"}
			}
		},
		{
			"from": [8, 0.4, 7],
			"to": [13, 0.4, 9],
			"shade": false,
			"rotation": {"angle": -22.5, "axis": "y", "origin": [8, 0.5, 8]},
			"faces": {
				"up": {"uv": [14, 8, 12, 13], "rotation": 90, "texture": "#cross"},
				"down": {"uv": [14, 13, 12, 8], "rotation": 270, "texture": "#cross"}
			}
		},
		{
			"from": [7, 0.5, 8],
			"to": [9, 0.5, 15],
			"shade": false,
			"rotation": {"angle": 22.5, "axis": "y", "origin": [8, 0.5, 8]},
			"faces": {
				"up": {"uv": [12, 8, 14, 15], "rotation": 180, "texture": "#cross"},
				"down": {"uv": [12, 15, 14, 8], "rotation": 180, "texture": "#cross"}
			}
		},
		{
			"from": [7, 0.3, 8],
			"to": [9, 0.3, 13],
			"shade": false,
			"rotation": {"angle": -22.5, "axis": "y", "origin": [8, 0.5, 8]},
			"faces": {
				"up": {"uv": [14, 8, 12, 13], "rotation": 180, "texture": "#cross"},
				"down": {"uv": [14, 13, 12, 8], "rotation": 180, "texture": "#cross"}
			}
		},
		{
			"from": [7, 0.2, 8],
			"to": [9, 0.2, 16],
			"shade": false,
			"rotation": {"angle": -45, "axis": "y", "origin": [8, 0.5, 8]},
			"faces": {
				"up": {"uv": [14, 8, 12, 16], "rotation": 180, "texture": "#cross"},
				"down": {"uv": [14, 16, 12, 8], "rotation": 180, "texture": "#cross"}
			}
		}
	],
	"groups": [
		{
			"name": "group",
			"origin": [8, 7, 8],
			"color": 0,
			"children": [0, 1, 2, 3, 4]
		},
		5,
		6,
		7,
		8,
		9,
		10,
		11,
		12,
		13,
		14,
		15,
		16,
		17,
		18,
		19,
		{
			"name": "group",
			"origin": [8, 1, 8],
			"color": 0,
			"children": [20, 21, 22, 23, 24, 25, 26, 27]
		}
	]
}