{
	"credit": "Made by XeKr with Blockbench",
	"parent": "minecraft:block/cross",
	"textures": {
		"cross": "block/torchflower_3d"
	},
	"elements": [
		{
			"from": [6.9, 5, 6.9],
			"to": [9.1, 8, 9.1],
			"shade": false,
			"rotation": {"angle": -45, "axis": "y", "origin": [8, 5, 8]},
			"faces": {
				"north": {"uv": [8, 0, 10, 3], "texture": "#cross"},
				"east": {"uv": [8, 0, 10, 3], "texture": "#cross"},
				"south": {"uv": [8, 0, 10, 3], "texture": "#cross"},
				"west": {"uv": [8, 0, 10, 3], "texture": "#cross"},
				"down": {"uv": [10, 4, 12, 6], "texture": "#cross"}
			}
		},
		{
			"from": [9.1, 8, 9.1],
			"to": [6.9, 5, 6.9],
			"shade": false,
			"rotation": {"angle": -45, "axis": "y", "origin": [8, 3, 8]},
			"faces": {
				"north": {"uv": [8, 3, 10, 0], "texture": "#cross"},
				"east": {"uv": [8, 3, 10, 0], "texture": "#cross"},
				"south": {"uv": [8, 3, 10, 0], "texture": "#cross"},
				"west": {"uv": [8, 3, 10, 0], "texture": "#cross"},
				"up": {"uv": [10, 4, 12, 6], "texture": "#cross"}
			}
		},
		{
			"from": [7, 5, 8],
			"to": [9, 11, 8],
			"shade": false,
			"rotation": {"angle": 0, "axis": "y", "origin": [8, 5, 8]},
			"faces": {
				"north": {"uv": [10, 0, 12, 6], "texture": "#cross"},
				"south": {"uv": [10, 0, 12, 6], "texture": "#cross"}
			}
		},
		{
			"from": [8, 5, 7],
			"to": [8, 11, 9],
			"shade": false,
			"rotation": {"angle": 0, "axis": "y", "origin": [8, 5, 8]},
			"faces": {
				"east": {"uv": [10, 0, 12, 6], "texture": "#cross"},
				"west": {"uv": [10, 0, 12, 6], "texture": "#cross"}
			}
		},
		{
			"from": [7.5, -1, 7.5],
			"to": [8.5, 5, 8.5],
			"shade": false,
			"rotation": {"angle": 45, "axis": "y", "origin": [8, 0.5, 8]},
			"faces": {
				"north": {"uv": [15, 9, 16, 15], "texture": "#cross"},
				"east": {"uv": [15, 9, 16, 15], "texture": "#cross"},
				"south": {"uv": [15, 9, 16, 15], "texture": "#cross"},
				"west": {"uv": [15, 9, 16, 15], "texture": "#cross"}
			}
		},
		{
			"from": [3, -1, 8],
			"to": [8, 2, 8],
			"shade": false,
			"rotation": {"angle": 0, "axis": "y", "origin": [8, -1, 8]},
			"faces": {
				"north": {"uv": [5, 13, 0, 16], "texture": "#cross"},
				"south": {"uv": [0, 13, 5, 16], "texture": "#cross"}
			}
		},
		{
			"from": [8, -1, 3],
			"to": [8, 2, 8],
			"shade": false,
			"rotation": {"angle": 22.5, "axis": "y", "origin": [8, -1, 8]},
			"faces": {
				"east": {"uv": [5, 13, 0, 16], "texture": "#cross"},
				"west": {"uv": [0, 13, 5, 16], "texture": "#cross"}
			}
		},
		{
			"from": [8, -1, 3],
			"to": [8, 2, 8],
			"shade": false,
			"rotation": {"angle": -45, "axis": "y", "origin": [8, -1, 8]},
			"faces": {
				"east": {"uv": [5, 13, 0, 16], "texture": "#cross"},
				"west": {"uv": [0, 13, 5, 16], "texture": "#cross"}
			}
		},
		{
			"from": [8, -1, 8],
			"to": [13, 2, 8],
			"shade": false,
			"rotation": {"angle": -22.5, "axis": "y", "origin": [8, -1, 8]},
			"faces": {
				"north": {"uv": [0, 13, 5, 16], "texture": "#cross"},
				"south": {"uv": [5, 13, 0, 16], "texture": "#cross"}
			}
		},
		{
			"from": [8, -1, 8],
			"to": [8, 2, 13],
			"shade": false,
			"rotation": {"angle": -22.5, "axis": "y", "origin": [8, -1, 8]},
			"faces": {
				"east": {"uv": [0, 13, 5, 16], "texture": "#cross"},
				"west": {"uv": [5, 13, 0, 16], "texture": "#cross"}
			}
		},
		{
			"from": [1, -1, 8],
			"to": [8, 4, 8],
			"shade": false,
			"rotation": {"angle": 22.5, "axis": "y", "origin": [8, -1, 8]},
			"faces": {
				"north": {"uv": [7, 6, 0, 11], "texture": "#cross"},
				"south": {"uv": [0, 6, 7, 11], "texture": "#cross"}
			}
		},
		{
			"from": [1, -1, 8],
			"to": [8, 4, 8],
			"shade": false,
			"rotation": {"angle": -45, "axis": "y", "origin": [8, -1, 8]},
			"faces": {
				"north": {"uv": [7, 6, 0, 11], "texture": "#cross"},
				"south": {"uv": [0, 6, 7, 11], "texture": "#cross"}
			}
		},
		{
			"from": [8, -1, 1],
			"to": [8, 4, 8],
			"shade": false,
			"rotation": {"angle": -22.5, "axis": "y", "origin": [8, -1, 8]},
			"faces": {
				"east": {"uv": [7, 6, 0, 11], "texture": "#cross"},
				"west": {"uv": [0, 6, 7, 11], "texture": "#cross"}
			}
		},
		{
			"from": [8, -1, 8],
			"to": [15, 4, 8],
			"shade": false,
			"rotation": {"angle": 0, "axis": "y", "origin": [8, -1, 8]},
			"faces": {
				"north": {"uv": [0, 6, 7, 11], "texture": "#cross"},
				"south": {"uv": [7, 6, 0, 11], "texture": "#cross"}
			}
		},
		{
			"from": [8, -1, 8],
			"to": [8, 4, 15],
			"shade": false,
			"rotation": {"angle": 0, "axis": "y", "origin": [8, -1, 8]},
			"faces": {
				"east": {"uv": [0, 6, 7, 11], "texture": "#cross"},
				"west": {"uv": [7, 6, 0, 11], "texture": "#cross"}
			}
		},
		{
			"from": [8, -1, 8],
			"to": [8, 5, 14],
			"shade": false,
			"rotation": {"angle": 22.5, "axis": "y", "origin": [8, -3, 8]},
			"faces": {
				"east": {"uv": [0, 0, 6, 6], "texture": "#cross"},
				"west": {"uv": [6, 0, 0, 6], "texture": "#cross"}
			}
		},
		{
			"from": [8, -1, 8],
			"to": [8, 5, 14],
			"shade": false,
			"rotation": {"angle": -45, "axis": "y", "origin": [8, -3, 8]},
			"faces": {
				"east": {"uv": [0, 0, 6, 6], "texture": "#cross"},
				"west": {"uv": [6, 0, 0, 6], "texture": "#cross"}
			}
		},
		{
			"from": [2, -1, 8],
			"to": [8, 5, 8],
			"shade": false,
			"rotation": {"angle": -22.5, "axis": "y", "origin": [8, -3, 8]},
			"faces": {
				"north": {"uv": [6, 0, 0, 6], "texture": "#cross"},
				"south": {"uv": [0, 0, 6, 6], "texture": "#cross"}
			}
		},
		{
			"from": [8, -1, 2],
			"to": [8, 5, 8],
			"shade": false,
			"rotation": {"angle": 0, "axis": "y", "origin": [8, -3, 8]},
			"faces": {
				"east": {"uv": [6, 0, 0, 6], "texture": "#cross"},
				"west": {"uv": [0, 0, 6, 6], "texture": "#cross"}
			}
		},
		{
			"from": [8, -1, 8],
			"to": [14, 5, 8],
			"shade": false,
			"rotation": {"angle": 22.5, "axis": "y", "origin": [8, -3, 8]},
			"faces": {
				"north": {"uv": [0, 0, 6, 6], "texture": "#cross"},
				"south": {"uv": [6, 0, 0, 6], "texture": "#cross"}
			}
		},
		{
			"from": [3, 0.4, 7],
			"to": [8, 0.4, 9],
			"shade": false,
			"rotation": {"angle": -22.5, "axis": "y", "origin": [8, 0.5, 8]},
			"faces": {
				"up": {"uv": [12, 8, 14, 13], "rotation": 270, "texture": "#cross"},
				"down": {"uv": [12, 13, 14, 8], "rotation": 90, "texture": "#cross"}
			}
		},
		{
			"from": [7, 0.6, 4],
			"to": [9, 0.6, 8],
			"shade": false,
			"rotation": {"angle": 0, "axis": "y", "origin": [8, 0.5, 8]},
			"faces": {
				"up": {"uv": [12, 8, 14, 12], "texture": "#cross"},
				"down": {"uv": [12, 12, 14, 8], "texture": "#cross"}
			}
		},
		{
			"from": [8, 0.2, 7],
			"to": [13, 0.2, 9],
			"shade": false,
			"rotation": {"angle": 22.5, "axis": "y", "origin": [8, 0.5, 8]},
			"faces": {
				"up": {"uv": [14, 8, 12, 13], "rotation": 90, "texture": "#cross"},
				"down": {"uv": [14, 13, 12, 8], "rotation": 270, "texture": "#cross"}
			}
		},
		{
			"from": [7, 0.5, 8],
			"to": [9, 0.5, 12],
			"shade": false,
			"rotation": {"angle": 22.5, "axis": "y", "origin": [8, 0.5, 8]},
			"faces": {
				"up": {"uv": [12, 8, 14, 12], "rotation": 180, "texture": "#cross"},
				"down": {"uv": [12, 12, 14, 8], "rotation": 180, "texture": "#cross"}
			}
		},
		{
			"from": [7, 0.2, 8],
			"to": [9, 0.2, 13],
			"shade": false,
			"rotation": {"angle": -45, "axis": "y", "origin": [8, 0.5, 8]},
			"faces": {
				"up": {"uv": [14, 8, 12, 13], "rotation": 180, "texture": "#cross"},
				"down": {"uv": [14, 13, 12, 8], "rotation": 180, "texture": "#cross"}
			}
		}
	],
	"groups": [
		{
			"name": "group",
			"origin": [8, 7, 8],
			"color": 0,
			"children": [0, 1, 2, 3, 4]
		},
		5,
		6,
		7,
		8,
		9,
		10,
		11,
		12,
		13,
		14,
		15,
		16,
		17,
		18,
		19,
		{
			"name": "group",
			"origin": [8, 1, 8],
			"color": 0,
			"children": [20, 21, 22, 23, 24]
		}
	]
}