{
	"credit": "Made by MrInhumane",
	"textures": {
		"0": "block/facial_hair/red",
		"particle": "block/facial_hair/red"
	},
	"elements": [
		{
			"from": [3.99, 14.99, 6.99],
			"to": [12.01, 17.01, 8.01],
			"shade": false,
			"rotation": {"angle": 0, "axis": "y", "origin": [4, 15, 7]},
			"faces": {
				"north": {"uv": [16, 16, 0, 0], "texture": "#0"},
				"east": {"uv": [16, 16, 0, 0], "texture": "#0"},
				"south": {"uv": [16, 16, 0, 0], "texture": "#0"},
				"west": {"uv": [16, 16, 0, 0], "texture": "#0"},
				"up": {"uv": [16, 16, 0, 0], "texture": "#0"},
				"down": {"uv": [16, 16, 0, 0], "texture": "#0"}
			}
		},
		{
			"from": [4.75, 15.25, 6.75],
			"to": [7.75, 17.25, 7.75],
			"shade": false,
			"rotation": {"angle": 0, "axis": "y", "origin": [4.75, 15.25, 5.75]},
			"faces": {
				"north": {"uv": [16, 16, 0, 0], "texture": "#0"},
				"east": {"uv": [16, 16, 0, 0], "texture": "#0"},
				"south": {"uv": [16, 16, 0, 0], "texture": "#0"},
				"west": {"uv": [16, 16, 0, 0], "texture": "#0"},
				"up": {"uv": [16, 16, 0, 0], "texture": "#0"},
				"down": {"uv": [16, 16, 0, 0], "texture": "#0"}
			}
		},
		{
			"from": [5.25, 16.5, 7],
			"to": [7.25, 17.5, 8],
			"shade": false,
			"rotation": {"angle": 0, "axis": "y", "origin": [5.25, 16.5, 6]},
			"faces": {
				"north": {"uv": [16, 16, 0, 0], "texture": "#0"},
				"east": {"uv": [16, 16, 0, 0], "texture": "#0"},
				"south": {"uv": [16, 16, 0, 0], "texture": "#0"},
				"west": {"uv": [16, 16, 0, 0], "texture": "#0"},
				"up": {"uv": [16, 16, 0, 0], "texture": "#0"},
				"down": {"uv": [16, 16, 0, 0], "texture": "#0"}
			}
		},
		{
			"from": [8.75, 16.5, 7],
			"to": [10.75, 17.5, 8],
			"shade": false,
			"rotation": {"angle": 0, "axis": "y", "origin": [10.75, 16.5, 6]},
			"faces": {
				"north": {"uv": [16, 16, 0, 0], "texture": "#0"},
				"east": {"uv": [16, 16, 0, 0], "texture": "#0"},
				"south": {"uv": [16, 16, 0, 0], "texture": "#0"},
				"west": {"uv": [16, 16, 0, 0], "texture": "#0"},
				"up": {"uv": [16, 16, 0, 0], "texture": "#0"},
				"down": {"uv": [16, 16, 0, 0], "texture": "#0"}
			}
		},
		{
			"from": [3.5, 15.5, 6.5],
			"to": [7.5, 16.5, 8.5],
			"shade": false,
			"rotation": {"angle": 0, "axis": "y", "origin": [3.5, 15.5, 6.5]},
			"faces": {
				"north": {"uv": [16, 16, 0, 0], "texture": "#0"},
				"east": {"uv": [16, 16, 0, 0], "texture": "#0"},
				"south": {"uv": [16, 16, 0, 0], "texture": "#0"},
				"west": {"uv": [16, 16, 0, 0], "texture": "#0"},
				"up": {"uv": [16, 16, 0, 0], "texture": "#0"},
				"down": {"uv": [16, 16, 0, 0], "texture": "#0"}
			}
		},
		{
			"from": [3, 15, 6.25],
			"to": [7, 16, 8.25],
			"shade": false,
			"rotation": {"angle": 0, "axis": "y", "origin": [3, 15, 6.25]},
			"faces": {
				"north": {"uv": [16, 16, 0, 0], "texture": "#0"},
				"east": {"uv": [16, 16, 0, 0], "texture": "#0"},
				"south": {"uv": [16, 16, 0, 0], "texture": "#0"},
				"west": {"uv": [16, 16, 0, 0], "texture": "#0"},
				"up": {"uv": [16, 16, 0, 0], "texture": "#0"},
				"down": {"uv": [16, 16, 0, 0], "texture": "#0"}
			}
		},
		{
			"from": [2, 14, 6.5],
			"to": [6, 15, 8.5],
			"shade": false,
			"rotation": {"angle": 0, "axis": "y", "origin": [2, 14, 6.5]},
			"faces": {
				"north": {"uv": [16, 16, 0, 0], "texture": "#0"},
				"east": {"uv": [16, 16, 0, 0], "texture": "#0"},
				"south": {"uv": [16, 16, 0, 0], "texture": "#0"},
				"west": {"uv": [16, 16, 0, 0], "texture": "#0"},
				"up": {"uv": [16, 16, 0, 0], "texture": "#0"},
				"down": {"uv": [16, 16, 0, 0], "texture": "#0"}
			}
		},
		{
			"from": [2.5, 13.75, 6.75],
			"to": [5.5, 14.75, 8.75],
			"shade": false,
			"rotation": {"angle": 0, "axis": "y", "origin": [2.5, 13.75, 6.75]},
			"faces": {
				"north": {"uv": [16, 16, 0, 0], "texture": "#0"},
				"east": {"uv": [16, 16, 0, 0], "texture": "#0"},
				"south": {"uv": [16, 16, 0, 0], "texture": "#0"},
				"west": {"uv": [16, 16, 0, 0], "texture": "#0"},
				"up": {"uv": [16, 16, 0, 0], "texture": "#0"},
				"down": {"uv": [16, 16, 0, 0], "texture": "#0"}
			}
		},
		{
			"from": [10.5, 13.75, 6.75],
			"to": [13.5, 14.75, 8.75],
			"shade": false,
			"rotation": {"angle": 0, "axis": "y", "origin": [13.5, 13.75, 6.75]},
			"faces": {
				"north": {"uv": [16, 16, 0, 0], "texture": "#0"},
				"east": {"uv": [16, 16, 0, 0], "texture": "#0"},
				"south": {"uv": [16, 16, 0, 0], "texture": "#0"},
				"west": {"uv": [16, 16, 0, 0], "texture": "#0"},
				"up": {"uv": [16, 16, 0, 0], "texture": "#0"},
				"down": {"uv": [16, 16, 0, 0], "texture": "#0"}
			}
		},
		{
			"from": [2.5, 14.5, 6],
			"to": [6.5, 15.5, 8],
			"shade": false,
			"rotation": {"angle": 0, "axis": "y", "origin": [1.5, 14.5, 6]},
			"faces": {
				"north": {"uv": [16, 16, 0, 0], "texture": "#0"},
				"east": {"uv": [16, 16, 0, 0], "texture": "#0"},
				"south": {"uv": [16, 16, 0, 0], "texture": "#0"},
				"west": {"uv": [16, 16, 0, 0], "texture": "#0"},
				"up": {"uv": [16, 16, 0, 0], "texture": "#0"},
				"down": {"uv": [16, 16, 0, 0], "texture": "#0"}
			}
		},
		{
			"from": [8.25, 15.25, 6.75],
			"to": [11.25, 17.25, 7.75],
			"shade": false,
			"rotation": {"angle": 0, "axis": "y", "origin": [11.25, 15.25, 5.75]},
			"faces": {
				"north": {"uv": [16, 16, 0, 0], "texture": "#0"},
				"east": {"uv": [16, 16, 0, 0], "texture": "#0"},
				"south": {"uv": [16, 16, 0, 0], "texture": "#0"},
				"west": {"uv": [16, 16, 0, 0], "texture": "#0"},
				"up": {"uv": [16, 16, 0, 0], "texture": "#0"},
				"down": {"uv": [16, 16, 0, 0], "texture": "#0"}
			}
		},
		{
			"from": [9.5, 14.5, 6],
			"to": [13.5, 15.5, 8],
			"shade": false,
			"rotation": {"angle": 0, "axis": "y", "origin": [14.5, 14.5, 6]},
			"faces": {
				"north": {"uv": [16, 16, 0, 0], "texture": "#0"},
				"east": {"uv": [16, 16, 0, 0], "texture": "#0"},
				"south": {"uv": [16, 16, 0, 0], "texture": "#0"},
				"west": {"uv": [16, 16, 0, 0], "texture": "#0"},
				"up": {"uv": [16, 16, 0, 0], "texture": "#0"},
				"down": {"uv": [16, 16, 0, 0], "texture": "#0"}
			}
		},
		{
			"from": [10, 14, 6.5],
			"to": [14, 15, 8.5],
			"shade": false,
			"rotation": {"angle": 0, "axis": "y", "origin": [14, 14, 6.5]},
			"faces": {
				"north": {"uv": [16, 16, 0, 0], "texture": "#0"},
				"east": {"uv": [16, 16, 0, 0], "texture": "#0"},
				"south": {"uv": [16, 16, 0, 0], "texture": "#0"},
				"west": {"uv": [16, 16, 0, 0], "texture": "#0"},
				"up": {"uv": [16, 16, 0, 0], "texture": "#0"},
				"down": {"uv": [16, 16, 0, 0], "texture": "#0"}
			}
		},
		{
			"from": [9, 15, 6.25],
			"to": [13, 16, 8.25],
			"shade": false,
			"rotation": {"angle": 0, "axis": "y", "origin": [13, 15, 6.25]},
			"faces": {
				"north": {"uv": [16, 16, 0, 0], "texture": "#0"},
				"east": {"uv": [16, 16, 0, 0], "texture": "#0"},
				"south": {"uv": [16, 16, 0, 0], "texture": "#0"},
				"west": {"uv": [16, 16, 0, 0], "texture": "#0"},
				"up": {"uv": [16, 16, 0, 0], "texture": "#0"},
				"down": {"uv": [16, 16, 0, 0], "texture": "#0"}
			}
		},
		{
			"from": [8.5, 15.5, 6.5],
			"to": [12.5, 16.5, 8.5],
			"shade": false,
			"rotation": {"angle": 0, "axis": "y", "origin": [12.5, 15.5, 6.5]},
			"faces": {
				"north": {"uv": [16, 16, 0, 0], "texture": "#0"},
				"east": {"uv": [16, 16, 0, 0], "texture": "#0"},
				"south": {"uv": [16, 16, 0, 0], "texture": "#0"},
				"west": {"uv": [16, 16, 0, 0], "texture": "#0"},
				"up": {"uv": [16, 16, 0, 0], "texture": "#0"},
				"down": {"uv": [16, 16, 0, 0], "texture": "#0"}
			}
		}
	],
	"display": {
		"thirdperson_righthand": {
			"translation": [0, -3.75, 0],
			"scale": [0.5, 0.5, 0.5]
		},
		"thirdperson_lefthand": {
			"translation": [0, -3.75, 0],
			"scale": [0.5, 0.5, 0.5]
		},
		"firstperson_righthand": {
			"rotation": [0, 0, -33.75],
			"translation": [1.5, -1.5, 0],
			"scale": [0.7, 0.7, 0.7]
		},
		"firstperson_lefthand": {
			"rotation": [0, 0, -38],
			"translation": [1.5, -1.5, 0],
			"scale": [0.7, 0.7, 0.7]
		},
		"ground": {
			"translation": [0, -8, 0]
		},
		"gui": {
			"translation": [0, -8.75, 0]
		},
		"head": {
			"translation": [0, -11, -6.25]
		},
		"fixed": {
			"translation": [0, -9.5, 0]
		}
	}
}