{
	"credit": "Made by MrInhumane",
	"textures": {
		"0": "craftwell:block/facial_hair/black",
		"particle": "craftwell:block/facial_hair/black"
	},
	"elements": [
		{
			"from": [14.8, 11.85, 8.1],
			"to": [15.4, 14.45, 9.7],
			"rotation": {"angle": 22.5, "axis": "z", "origin": [13.1, 12.15, 8.4]},
			"faces": {
				"north": {"uv": [2, 2, 2, 4], "texture": "#0"},
				"east": {"uv": [1, 2, 2, 4], "texture": "#0"},
				"south": {"uv": [3, 2, 3, 4], "texture": "#0"},
				"west": {"uv": [2, 2, 3, 4], "texture": "#0"},
				"up": {"uv": [2, 2, 2, 1], "texture": "#0"},
				"down": {"uv": [2, 1, 2, 2], "texture": "#0"}
			}
		},
		{
			"from": [14.8, 12.1, 8.6],
			"to": [15.4, 14.7, 10.2],
			"rotation": {"angle": 22.5, "axis": "z", "origin": [13.1, 12.4, 8.9]},
			"faces": {
				"north": {"uv": [2, 2, 2, 4], "texture": "#0"},
				"east": {"uv": [1, 2, 2, 4], "texture": "#0"},
				"south": {"uv": [3, 2, 3, 4], "texture": "#0"},
				"west": {"uv": [2, 2, 3, 4], "texture": "#0"},
				"up": {"uv": [2, 2, 2, 1], "texture": "#0"},
				"down": {"uv": [2, 1, 2, 2], "texture": "#0"}
			}
		},
		{
			"from": [14.8, 12.35, 9.1],
			"to": [15.4, 14.95, 10.7],
			"rotation": {"angle": 22.5, "axis": "z", "origin": [13.1, 12.65, 9.4]},
			"faces": {
				"north": {"uv": [2, 2, 2, 4], "texture": "#0"},
				"east": {"uv": [1, 2, 2, 4], "texture": "#0"},
				"south": {"uv": [3, 2, 3, 4], "texture": "#0"},
				"west": {"uv": [2, 2, 3, 4], "texture": "#0"},
				"up": {"uv": [2, 2, 2, 1], "texture": "#0"},
				"down": {"uv": [2, 1, 2, 2], "texture": "#0"}
			}
		},
		{
			"from": [14.8, 12.6, 9.6],
			"to": [15.4, 15.2, 11.2],
			"rotation": {"angle": 22.5, "axis": "z", "origin": [13.1, 12.9, 9.9]},
			"faces": {
				"north": {"uv": [2, 2, 2, 4], "texture": "#0"},
				"east": {"uv": [1, 2, 2, 4], "texture": "#0"},
				"south": {"uv": [3, 2, 3, 4], "texture": "#0"},
				"west": {"uv": [2, 2, 3, 4], "texture": "#0"},
				"up": {"uv": [2, 2, 2, 1], "texture": "#0"},
				"down": {"uv": [2, 1, 2, 2], "texture": "#0"}
			}
		},
		{
			"from": [14.8, 12.1, 9.6],
			"to": [15.4, 14.7, 11.2],
			"rotation": {"angle": 22.5, "axis": "z", "origin": [13.1, 12.4, 9.9]},
			"faces": {
				"north": {"uv": [2, 2, 2, 4], "texture": "#0"},
				"east": {"uv": [1, 2, 2, 4], "texture": "#0"},
				"south": {"uv": [3, 2, 3, 4], "texture": "#0"},
				"west": {"uv": [2, 2, 3, 4], "texture": "#0"},
				"up": {"uv": [2, 2, 2, 1], "texture": "#0"},
				"down": {"uv": [2, 1, 2, 2], "texture": "#0"}
			}
		},
		{
			"from": [14.8, 12.35, 10.1],
			"to": [15.4, 14.95, 11.7],
			"rotation": {"angle": 22.5, "axis": "z", "origin": [13.1, 12.65, 10.4]},
			"faces": {
				"north": {"uv": [2, 2, 2, 4], "texture": "#0"},
				"east": {"uv": [1, 2, 2, 4], "texture": "#0"},
				"south": {"uv": [3, 2, 3, 4], "texture": "#0"},
				"west": {"uv": [2, 2, 3, 4], "texture": "#0"},
				"up": {"uv": [2, 2, 2, 1], "texture": "#0"},
				"down": {"uv": [2, 1, 2, 2], "texture": "#0"}
			}
		},
		{
			"from": [14.8, 12.85, 10.35],
			"to": [15.4, 15.45, 11.95],
			"rotation": {"angle": 22.5, "axis": "z", "origin": [13.1, 13.15, 10.65]},
			"faces": {
				"north": {"uv": [2, 2, 2, 4], "texture": "#0"},
				"east": {"uv": [1, 2, 2, 4], "texture": "#0"},
				"south": {"uv": [3, 2, 3, 4], "texture": "#0"},
				"west": {"uv": [2, 2, 3, 4], "texture": "#0"},
				"up": {"uv": [2, 2, 2, 1], "texture": "#0"},
				"down": {"uv": [2, 1, 2, 2], "texture": "#0"}
			}
		},
		{
			"from": [14.8, 13.1, 10.6],
			"to": [15.4, 15.7, 12.2],
			"rotation": {"angle": 22.5, "axis": "z", "origin": [13.1, 13.4, 10.9]},
			"faces": {
				"north": {"uv": [2, 2, 2, 4], "texture": "#0"},
				"east": {"uv": [1, 2, 2, 4], "texture": "#0"},
				"south": {"uv": [3, 2, 3, 4], "texture": "#0"},
				"west": {"uv": [2, 2, 3, 4], "texture": "#0"},
				"up": {"uv": [2, 2, 2, 1], "texture": "#0"},
				"down": {"uv": [2, 1, 2, 2], "texture": "#0"}
			}
		},
		{
			"from": [14.8, 12.1, 11.35],
			"to": [15.4, 14.7, 12.95],
			"rotation": {"angle": 22.5, "axis": "z", "origin": [13.1, 12.4, 11.65]},
			"faces": {
				"north": {"uv": [2, 2, 2, 4], "texture": "#0"},
				"east": {"uv": [1, 2, 2, 4], "texture": "#0"},
				"south": {"uv": [3, 2, 3, 4], "texture": "#0"},
				"west": {"uv": [2, 2, 3, 4], "texture": "#0"},
				"up": {"uv": [2, 2, 2, 1], "texture": "#0"},
				"down": {"uv": [2, 1, 2, 2], "texture": "#0"}
			}
		},
		{
			"from": [14.8, 11.6, 10.35],
			"to": [15.4, 14.2, 11.95],
			"rotation": {"angle": 22.5, "axis": "z", "origin": [13.1, 11.9, 10.65]},
			"faces": {
				"north": {"uv": [2, 2, 2, 4], "texture": "#0"},
				"east": {"uv": [1, 2, 2, 4], "texture": "#0"},
				"south": {"uv": [3, 2, 3, 4], "texture": "#0"},
				"west": {"uv": [2, 2, 3, 4], "texture": "#0"},
				"up": {"uv": [2, 2, 2, 1], "texture": "#0"},
				"down": {"uv": [2, 1, 2, 2], "texture": "#0"}
			}
		},
		{
			"from": [14.8, 11.35, 8.85],
			"to": [15.4, 13.95, 10.45],
			"rotation": {"angle": 22.5, "axis": "z", "origin": [13.1, 11.65, 9.15]},
			"faces": {
				"north": {"uv": [2, 2, 2, 4], "texture": "#0"},
				"east": {"uv": [1, 2, 2, 4], "texture": "#0"},
				"south": {"uv": [3, 2, 3, 4], "texture": "#0"},
				"west": {"uv": [2, 2, 3, 4], "texture": "#0"},
				"up": {"uv": [2, 2, 2, 1], "texture": "#0"},
				"down": {"uv": [2, 1, 2, 2], "texture": "#0"}
			}
		},
		{
			"from": [14.8, 11.1, 9.85],
			"to": [15.4, 13.7, 11.45],
			"rotation": {"angle": 22.5, "axis": "z", "origin": [13.1, 11.4, 10.15]},
			"faces": {
				"north": {"uv": [2, 2, 2, 4], "texture": "#0"},
				"east": {"uv": [1, 2, 2, 4], "texture": "#0"},
				"south": {"uv": [3, 2, 3, 4], "texture": "#0"},
				"west": {"uv": [2, 2, 3, 4], "texture": "#0"},
				"up": {"uv": [2, 2, 2, 1], "texture": "#0"},
				"down": {"uv": [2, 1, 2, 2], "texture": "#0"}
			}
		},
		{
			"from": [15.05, 11.6, 11.1],
			"to": [15.65, 14.2, 12.7],
			"rotation": {"angle": 22.5, "axis": "z", "origin": [13.35, 11.9, 11.4]},
			"faces": {
				"north": {"uv": [2, 2, 2, 4], "texture": "#0"},
				"east": {"uv": [1, 2, 2, 4], "texture": "#0"},
				"south": {"uv": [3, 2, 3, 4], "texture": "#0"},
				"west": {"uv": [2, 2, 3, 4], "texture": "#0"},
				"up": {"uv": [2, 2, 2, 1], "texture": "#0"},
				"down": {"uv": [2, 1, 2, 2], "texture": "#0"}
			}
		},
		{
			"from": [14.55, 11.6, 11.85],
			"to": [15.15, 14.2, 13.45],
			"rotation": {"angle": 22.5, "axis": "z", "origin": [12.85, 11.9, 12.15]},
			"faces": {
				"north": {"uv": [2, 2, 2, 4], "texture": "#0"},
				"east": {"uv": [1, 2, 2, 4], "texture": "#0"},
				"south": {"uv": [3, 2, 3, 4], "texture": "#0"},
				"west": {"uv": [2, 2, 3, 4], "texture": "#0"},
				"up": {"uv": [2, 2, 2, 1], "texture": "#0"},
				"down": {"uv": [2, 1, 2, 2], "texture": "#0"}
			}
		},
		{
			"from": [14.55, 11.85, 12.1],
			"to": [15.15, 14.45, 13.7],
			"rotation": {"angle": 22.5, "axis": "z", "origin": [12.85, 12.15, 12.4]},
			"faces": {
				"north": {"uv": [2, 2, 2, 4], "texture": "#0"},
				"east": {"uv": [1, 2, 2, 4], "texture": "#0"},
				"south": {"uv": [3, 2, 3, 4], "texture": "#0"},
				"west": {"uv": [2, 2, 3, 4], "texture": "#0"},
				"up": {"uv": [2, 2, 2, 1], "texture": "#0"},
				"down": {"uv": [2, 1, 2, 2], "texture": "#0"}
			}
		},
		{
			"from": [14.8, 13.35, 11.1],
			"to": [15.4, 15.95, 12.7],
			"rotation": {"angle": 22.5, "axis": "z", "origin": [13.1, 13.65, 11.4]},
			"faces": {
				"north": {"uv": [2, 2, 2, 4], "texture": "#0"},
				"east": {"uv": [1, 2, 2, 4], "texture": "#0"},
				"south": {"uv": [3, 2, 3, 4], "texture": "#0"},
				"west": {"uv": [2, 2, 3, 4], "texture": "#0"},
				"up": {"uv": [2, 2, 2, 1], "texture": "#0"},
				"down": {"uv": [2, 1, 2, 2], "texture": "#0"}
			}
		},
		{
			"from": [14.8, 12.85, 12.35],
			"to": [15.4, 15.45, 13.95],
			"rotation": {"angle": 22.5, "axis": "z", "origin": [13.1, 13.15, 12.65]},
			"faces": {
				"north": {"uv": [2, 2, 2, 4], "texture": "#0"},
				"east": {"uv": [1, 2, 2, 4], "texture": "#0"},
				"south": {"uv": [3, 2, 3, 4], "texture": "#0"},
				"west": {"uv": [2, 2, 3, 4], "texture": "#0"},
				"up": {"uv": [2, 2, 2, 1], "texture": "#0"},
				"down": {"uv": [2, 1, 2, 2], "texture": "#0"}
			}
		},
		{
			"from": [14.8, 13.6, 12.1],
			"to": [15.4, 16.2, 13.7],
			"rotation": {"angle": 22.5, "axis": "z", "origin": [13.1, 13.9, 12.4]},
			"faces": {
				"north": {"uv": [2, 2, 2, 4], "texture": "#0"},
				"east": {"uv": [1, 2, 2, 4], "texture": "#0"},
				"south": {"uv": [3, 2, 3, 4], "texture": "#0"},
				"west": {"uv": [2, 2, 3, 4], "texture": "#0"},
				"up": {"uv": [2, 2, 2, 1], "texture": "#0"},
				"down": {"uv": [2, 1, 2, 2], "texture": "#0"}
			}
		},
		{
			"from": [14.8, 13.85, 12.6],
			"to": [15.4, 16.45, 14.2],
			"rotation": {"angle": 22.5, "axis": "z", "origin": [13.1, 14.15, 12.9]},
			"faces": {
				"north": {"uv": [2, 2, 2, 4], "texture": "#0"},
				"east": {"uv": [1, 2, 2, 4], "texture": "#0"},
				"south": {"uv": [3, 2, 3, 4], "texture": "#0"},
				"west": {"uv": [2, 2, 3, 4], "texture": "#0"},
				"up": {"uv": [2, 2, 2, 1], "texture": "#0"},
				"down": {"uv": [2, 1, 2, 2], "texture": "#0"}
			}
		},
		{
			"from": [14.8, 14.85, 11.85],
			"to": [15.4, 17.45, 13.45],
			"rotation": {"angle": 22.5, "axis": "z", "origin": [13.1, 15.15, 12.15]},
			"faces": {
				"north": {"uv": [2, 2, 2, 4], "texture": "#0"},
				"east": {"uv": [1, 2, 2, 4], "texture": "#0"},
				"south": {"uv": [3, 2, 3, 4], "texture": "#0"},
				"west": {"uv": [2, 2, 3, 4], "texture": "#0"},
				"up": {"uv": [2, 2, 2, 1], "texture": "#0"},
				"down": {"uv": [2, 1, 2, 2], "texture": "#0"}
			}
		},
		{
			"from": [14.8, 15.85, 11.85],
			"to": [15.4, 18.45, 13.45],
			"rotation": {"angle": 22.5, "axis": "z", "origin": [13.1, 16.15, 12.15]},
			"faces": {
				"north": {"uv": [2, 2, 2, 4], "texture": "#0"},
				"east": {"uv": [1, 2, 2, 4], "texture": "#0"},
				"south": {"uv": [3, 2, 3, 4], "texture": "#0"},
				"west": {"uv": [2, 2, 3, 4], "texture": "#0"},
				"up": {"uv": [2, 2, 2, 1], "texture": "#0"},
				"down": {"uv": [2, 1, 2, 2], "texture": "#0"}
			}
		},
		{
			"from": [14.8, 15.6, 12.6],
			"to": [15.4, 18.2, 14.2],
			"rotation": {"angle": 22.5, "axis": "z", "origin": [13.1, 15.9, 12.9]},
			"faces": {
				"north": {"uv": [2, 2, 2, 4], "texture": "#0"},
				"east": {"uv": [1, 2, 2, 4], "texture": "#0"},
				"south": {"uv": [3, 2, 3, 4], "texture": "#0"},
				"west": {"uv": [2, 2, 3, 4], "texture": "#0"},
				"up": {"uv": [2, 2, 2, 1], "texture": "#0"},
				"down": {"uv": [2, 1, 2, 2], "texture": "#0"}
			}
		},
		{
			"from": [14.8, 16.1, 12.85],
			"to": [15.4, 18.7, 14.45],
			"rotation": {"angle": 22.5, "axis": "z", "origin": [13.1, 16.4, 13.15]},
			"faces": {
				"north": {"uv": [2, 2, 2, 4], "texture": "#0"},
				"east": {"uv": [1, 2, 2, 4], "texture": "#0"},
				"south": {"uv": [3, 2, 3, 4], "texture": "#0"},
				"west": {"uv": [2, 2, 3, 4], "texture": "#0"},
				"up": {"uv": [2, 2, 2, 1], "texture": "#0"},
				"down": {"uv": [2, 1, 2, 2], "texture": "#0"}
			}
		},
		{
			"from": [14.8, 14.35, 12.85],
			"to": [15.4, 16.95, 14.45],
			"rotation": {"angle": 22.5, "axis": "z", "origin": [13.1, 14.65, 13.15]},
			"faces": {
				"north": {"uv": [2, 2, 2, 4], "texture": "#0"},
				"east": {"uv": [1, 2, 2, 4], "texture": "#0"},
				"south": {"uv": [3, 2, 3, 4], "texture": "#0"},
				"west": {"uv": [2, 2, 3, 4], "texture": "#0"},
				"up": {"uv": [2, 2, 2, 1], "texture": "#0"},
				"down": {"uv": [2, 1, 2, 2], "texture": "#0"}
			}
		},
		{
			"from": [14.8, 14.35, 11.35],
			"to": [15.4, 16.95, 12.95],
			"rotation": {"angle": 22.5, "axis": "z", "origin": [13.1, 14.65, 11.65]},
			"faces": {
				"north": {"uv": [2, 2, 2, 4], "texture": "#0"},
				"east": {"uv": [1, 2, 2, 4], "texture": "#0"},
				"south": {"uv": [3, 2, 3, 4], "texture": "#0"},
				"west": {"uv": [2, 2, 3, 4], "texture": "#0"},
				"up": {"uv": [2, 2, 2, 1], "texture": "#0"},
				"down": {"uv": [2, 1, 2, 2], "texture": "#0"}
			}
		},
		{
			"from": [14.8, 12.35, 7.6],
			"to": [15.4, 14.95, 9.2],
			"rotation": {"angle": 22.5, "axis": "z", "origin": [13.1, 12.65, 7.9]},
			"faces": {
				"north": {"uv": [2, 2, 2, 4], "texture": "#0"},
				"east": {"uv": [1, 2, 2, 4], "texture": "#0"},
				"south": {"uv": [3, 2, 3, 4], "texture": "#0"},
				"west": {"uv": [2, 2, 3, 4], "texture": "#0"},
				"up": {"uv": [2, 2, 2, 1], "texture": "#0"},
				"down": {"uv": [2, 1, 2, 2], "texture": "#0"}
			}
		},
		{
			"from": [13.05, 12.35, 6.85],
			"to": [14.65, 14.95, 7.45],
			"rotation": {"angle": 22.5, "axis": "x", "origin": [13.35, 12.65, 9.15]},
			"faces": {
				"north": {"uv": [1, 1, 2, 3], "texture": "#0"},
				"east": {"uv": [1, 1, 1, 3], "texture": "#0"},
				"south": {"uv": [2, 1, 3, 3], "texture": "#0"},
				"west": {"uv": [2, 1, 2, 3], "texture": "#0"},
				"up": {"uv": [2, 1, 1, 1], "texture": "#0"},
				"down": {"uv": [3, 1, 2, 1], "texture": "#0"}
			}
		},
		{
			"from": [12.55, 12.6, 6.85],
			"to": [14.15, 15.2, 7.45],
			"rotation": {"angle": 22.5, "axis": "x", "origin": [12.85, 12.9, 9.15]},
			"faces": {
				"north": {"uv": [1, 1, 2, 3], "texture": "#0"},
				"east": {"uv": [1, 1, 1, 3], "texture": "#0"},
				"south": {"uv": [2, 1, 3, 3], "texture": "#0"},
				"west": {"uv": [2, 1, 2, 3], "texture": "#0"},
				"up": {"uv": [2, 1, 1, 1], "texture": "#0"},
				"down": {"uv": [3, 1, 2, 1], "texture": "#0"}
			}
		},
		{
			"from": [12.3, 12.1, 6.85],
			"to": [13.9, 14.7, 7.45],
			"rotation": {"angle": 22.5, "axis": "x", "origin": [12.6, 12.4, 9.15]},
			"faces": {
				"north": {"uv": [1, 1, 2, 3], "texture": "#0"},
				"east": {"uv": [1, 1, 1, 3], "texture": "#0"},
				"south": {"uv": [2, 1, 3, 3], "texture": "#0"},
				"west": {"uv": [2, 1, 2, 3], "texture": "#0"},
				"up": {"uv": [2, 1, 1, 1], "texture": "#0"},
				"down": {"uv": [3, 1, 2, 1], "texture": "#0"}
			}
		},
		{
			"from": [12.8, 11.6, 6.85],
			"to": [14.4, 14.2, 7.45],
			"rotation": {"angle": 22.5, "axis": "x", "origin": [13.1, 11.9, 9.15]},
			"faces": {
				"north": {"uv": [1, 1, 2, 3], "texture": "#0"},
				"east": {"uv": [1, 1, 1, 3], "texture": "#0"},
				"south": {"uv": [2, 1, 3, 3], "texture": "#0"},
				"west": {"uv": [2, 1, 2, 3], "texture": "#0"},
				"up": {"uv": [2, 1, 1, 1], "texture": "#0"},
				"down": {"uv": [3, 1, 2, 1], "texture": "#0"}
			}
		},
		{
			"from": [11.55, 11.35, 6.85],
			"to": [13.15, 13.95, 7.45],
			"rotation": {"angle": 22.5, "axis": "x", "origin": [11.85, 11.65, 9.15]},
			"faces": {
				"north": {"uv": [1, 1, 2, 3], "texture": "#0"},
				"east": {"uv": [1, 1, 1, 3], "texture": "#0"},
				"south": {"uv": [2, 1, 3, 3], "texture": "#0"},
				"west": {"uv": [2, 1, 2, 3], "texture": "#0"},
				"up": {"uv": [2, 1, 1, 1], "texture": "#0"},
				"down": {"uv": [3, 1, 2, 1], "texture": "#0"}
			}
		},
		{
			"from": [11.3, 12.35, 6.85],
			"to": [12.9, 14.95, 7.45],
			"rotation": {"angle": 22.5, "axis": "x", "origin": [11.6, 12.65, 9.15]},
			"faces": {
				"north": {"uv": [1, 1, 2, 3], "texture": "#0"},
				"east": {"uv": [1, 1, 1, 3], "texture": "#0"},
				"south": {"uv": [2, 1, 3, 3], "texture": "#0"},
				"west": {"uv": [2, 1, 2, 3], "texture": "#0"},
				"up": {"uv": [2, 1, 1, 1], "texture": "#0"},
				"down": {"uv": [3, 1, 2, 1], "texture": "#0"}
			}
		},
		{
			"from": [11.05, 11.1, 6.85],
			"to": [12.65, 13.7, 7.45],
			"rotation": {"angle": 22.5, "axis": "x", "origin": [11.35, 11.4, 9.15]},
			"faces": {
				"north": {"uv": [1, 1, 2, 3], "texture": "#0"},
				"east": {"uv": [1, 1, 1, 3], "texture": "#0"},
				"south": {"uv": [2, 1, 3, 3], "texture": "#0"},
				"west": {"uv": [2, 1, 2, 3], "texture": "#0"},
				"up": {"uv": [2, 1, 1, 1], "texture": "#0"},
				"down": {"uv": [3, 1, 2, 1], "texture": "#0"}
			}
		},
		{
			"from": [14.3, 12.35, 9.1],
			"to": [14.9, 14.95, 10.7],
			"rotation": {"angle": 45, "axis": "y", "origin": [12.6, 12.65, 9.4]},
			"faces": {
				"north": {"uv": [2, 2, 2, 4], "texture": "#0"},
				"east": {"uv": [1, 2, 2, 4], "texture": "#0"},
				"south": {"uv": [3, 2, 3, 4], "texture": "#0"},
				"west": {"uv": [2, 2, 3, 4], "texture": "#0"},
				"up": {"uv": [2, 2, 2, 1], "texture": "#0"},
				"down": {"uv": [2, 1, 2, 2], "texture": "#0"}
			}
		},
		{
			"from": [13.8, 12.35, 8.85],
			"to": [14.4, 14.95, 10.45],
			"rotation": {"angle": 45, "axis": "y", "origin": [12.1, 12.65, 9.15]},
			"faces": {
				"north": {"uv": [2, 2, 2, 4], "texture": "#0"},
				"east": {"uv": [1, 2, 2, 4], "texture": "#0"},
				"south": {"uv": [3, 2, 3, 4], "texture": "#0"},
				"west": {"uv": [2, 2, 3, 4], "texture": "#0"},
				"up": {"uv": [2, 2, 2, 1], "texture": "#0"},
				"down": {"uv": [2, 1, 2, 2], "texture": "#0"}
			}
		},
		{
			"from": [14.3, 12.6, 9.6],
			"to": [14.9, 15.2, 11.2],
			"rotation": {"angle": 45, "axis": "y", "origin": [12.6, 12.9, 9.9]},
			"faces": {
				"north": {"uv": [2, 2, 2, 4], "texture": "#0"},
				"east": {"uv": [1, 2, 2, 4], "texture": "#0"},
				"south": {"uv": [3, 2, 3, 4], "texture": "#0"},
				"west": {"uv": [2, 2, 3, 4], "texture": "#0"},
				"up": {"uv": [2, 2, 2, 1], "texture": "#0"},
				"down": {"uv": [2, 1, 2, 2], "texture": "#0"}
			}
		},
		{
			"from": [14.05, 12.85, 8.6],
			"to": [14.65, 15.45, 10.2],
			"rotation": {"angle": 45, "axis": "y", "origin": [12.35, 13.15, 8.9]},
			"faces": {
				"north": {"uv": [2, 2, 2, 4], "texture": "#0"},
				"east": {"uv": [1, 2, 2, 4], "texture": "#0"},
				"south": {"uv": [3, 2, 3, 4], "texture": "#0"},
				"west": {"uv": [2, 2, 3, 4], "texture": "#0"},
				"up": {"uv": [2, 2, 2, 1], "texture": "#0"},
				"down": {"uv": [2, 1, 2, 2], "texture": "#0"}
			}
		},
		{
			"from": [13.55, 12.35, 8.85],
			"to": [14.9, 14.45, 10.45],
			"rotation": {"angle": 45, "axis": "y", "origin": [12.6, 12.9, 9.15]},
			"faces": {
				"north": {"uv": [2, 2, 2, 3], "texture": "#0"},
				"east": {"uv": [1, 2, 2, 3], "texture": "#0"},
				"south": {"uv": [3, 2, 3, 3], "texture": "#0"},
				"west": {"uv": [2, 2, 3, 3], "texture": "#0"},
				"up": {"uv": [2, 2, 2, 1], "texture": "#0"},
				"down": {"uv": [2, 1, 2, 2], "texture": "#0"}
			}
		},
		{
			"from": [14.3, 12.85, 11.1],
			"to": [14.9, 15.45, 12.7],
			"rotation": {"angle": 45, "axis": "y", "origin": [12.6, 13.15, 11.4]},
			"faces": {
				"north": {"uv": [2, 2, 2, 4], "texture": "#0"},
				"east": {"uv": [1, 2, 2, 4], "texture": "#0"},
				"south": {"uv": [3, 2, 3, 4], "texture": "#0"},
				"west": {"uv": [2, 2, 3, 4], "texture": "#0"},
				"up": {"uv": [2, 2, 2, 1], "texture": "#0"},
				"down": {"uv": [2, 1, 2, 2], "texture": "#0"}
			}
		},
		{
			"from": [14.55, 13.85, 12.6],
			"to": [15.15, 16.45, 14.2],
			"rotation": {"angle": 45, "axis": "y", "origin": [12.85, 14.15, 12.9]},
			"faces": {
				"north": {"uv": [2, 2, 2, 4], "texture": "#0"},
				"east": {"uv": [1, 2, 2, 4], "texture": "#0"},
				"south": {"uv": [3, 2, 3, 4], "texture": "#0"},
				"west": {"uv": [2, 2, 3, 4], "texture": "#0"},
				"up": {"uv": [2, 2, 2, 1], "texture": "#0"},
				"down": {"uv": [2, 1, 2, 2], "texture": "#0"}
			}
		},
		{
			"from": [14.55, 14.85, 13.35],
			"to": [15.15, 17.45, 14.95],
			"rotation": {"angle": 45, "axis": "y", "origin": [12.85, 15.15, 13.65]},
			"faces": {
				"north": {"uv": [2, 2, 2, 4], "texture": "#0"},
				"east": {"uv": [1, 2, 2, 4], "texture": "#0"},
				"south": {"uv": [3, 2, 3, 4], "texture": "#0"},
				"west": {"uv": [2, 2, 3, 4], "texture": "#0"},
				"up": {"uv": [2, 2, 2, 1], "texture": "#0"},
				"down": {"uv": [2, 1, 2, 2], "texture": "#0"}
			}
		},
		{
			"from": [14.55, 15.85, 14.1],
			"to": [15.15, 18.45, 15.7],
			"rotation": {"angle": 45, "axis": "y", "origin": [12.85, 16.15, 14.4]},
			"faces": {
				"north": {"uv": [2, 2, 2, 4], "texture": "#0"},
				"east": {"uv": [1, 2, 2, 4], "texture": "#0"},
				"south": {"uv": [3, 2, 3, 4], "texture": "#0"},
				"west": {"uv": [2, 2, 3, 4], "texture": "#0"},
				"up": {"uv": [2, 2, 2, 1], "texture": "#0"},
				"down": {"uv": [2, 1, 2, 2], "texture": "#0"}
			}
		},
		{
			"from": [14.8, 15.1, 12.35],
			"to": [15.4, 17.7, 13.95],
			"rotation": {"angle": 22.5, "axis": "z", "origin": [13.1, 15.4, 12.65]},
			"faces": {
				"north": {"uv": [2, 2, 2, 4], "texture": "#0"},
				"east": {"uv": [1, 2, 2, 4], "texture": "#0"},
				"south": {"uv": [3, 2, 3, 4], "texture": "#0"},
				"west": {"uv": [2, 2, 3, 4], "texture": "#0"},
				"up": {"uv": [2, 2, 2, 1], "texture": "#0"},
				"down": {"uv": [2, 1, 2, 2], "texture": "#0"}
			}
		},
		{
			"from": [14.8, 14.85, 12.85],
			"to": [15.4, 17.45, 14.45],
			"rotation": {"angle": 22.5, "axis": "z", "origin": [13.1, 15.15, 13.15]},
			"faces": {
				"north": {"uv": [2, 2, 2, 4], "texture": "#0"},
				"east": {"uv": [1, 2, 2, 4], "texture": "#0"},
				"south": {"uv": [3, 2, 3, 4], "texture": "#0"},
				"west": {"uv": [2, 2, 3, 4], "texture": "#0"},
				"up": {"uv": [2, 2, 2, 1], "texture": "#0"},
				"down": {"uv": [2, 1, 2, 2], "texture": "#0"}
			}
		},
		{
			"from": [14.8, 15.35, 13.1],
			"to": [15.4, 17.95, 14.7],
			"rotation": {"angle": 22.5, "axis": "z", "origin": [13.1, 15.65, 13.4]},
			"faces": {
				"north": {"uv": [2, 2, 2, 4], "texture": "#0"},
				"east": {"uv": [1, 2, 2, 4], "texture": "#0"},
				"south": {"uv": [3, 2, 3, 4], "texture": "#0"},
				"west": {"uv": [2, 2, 3, 4], "texture": "#0"},
				"up": {"uv": [2, 2, 2, 1], "texture": "#0"},
				"down": {"uv": [2, 1, 2, 2], "texture": "#0"}
			}
		},
		{
			"from": [14.8, 12.6, 11.6],
			"to": [15.4, 15.2, 13.2],
			"rotation": {"angle": 22.5, "axis": "z", "origin": [13.1, 12.9, 11.9]},
			"faces": {
				"north": {"uv": [2, 2, 2, 4], "texture": "#0"},
				"east": {"uv": [1, 2, 2, 4], "texture": "#0"},
				"south": {"uv": [3, 2, 3, 4], "texture": "#0"},
				"west": {"uv": [2, 2, 3, 4], "texture": "#0"},
				"up": {"uv": [2, 2, 2, 1], "texture": "#0"},
				"down": {"uv": [2, 1, 2, 2], "texture": "#0"}
			}
		},
		{
			"from": [14.8, 13.85, 11.35],
			"to": [15.4, 16.45, 12.95],
			"rotation": {"angle": 22.5, "axis": "z", "origin": [13.1, 14.15, 11.65]},
			"faces": {
				"north": {"uv": [2, 2, 2, 4], "texture": "#0"},
				"east": {"uv": [1, 2, 2, 4], "texture": "#0"},
				"south": {"uv": [3, 2, 3, 4], "texture": "#0"},
				"west": {"uv": [2, 2, 3, 4], "texture": "#0"},
				"up": {"uv": [2, 2, 2, 1], "texture": "#0"},
				"down": {"uv": [2, 1, 2, 2], "texture": "#0"}
			}
		},
		{
			"from": [0.6, 11.85, 8.1],
			"to": [1.2, 14.45, 9.7],
			"rotation": {"angle": -22.5, "axis": "z", "origin": [2.9, 12.15, 8.4]},
			"faces": {
				"north": {"uv": [2, 2, 2, 4], "texture": "#0"},
				"east": {"uv": [1, 2, 2, 4], "texture": "#0"},
				"south": {"uv": [3, 2, 3, 4], "texture": "#0"},
				"west": {"uv": [2, 2, 3, 4], "texture": "#0"},
				"up": {"uv": [2, 2, 2, 1], "texture": "#0"},
				"down": {"uv": [2, 1, 2, 2], "texture": "#0"}
			}
		},
		{
			"from": [0.6, 12.1, 8.6],
			"to": [1.2, 14.7, 10.2],
			"rotation": {"angle": -22.5, "axis": "z", "origin": [2.9, 12.4, 8.9]},
			"faces": {
				"north": {"uv": [2, 2, 2, 4], "texture": "#0"},
				"east": {"uv": [1, 2, 2, 4], "texture": "#0"},
				"south": {"uv": [3, 2, 3, 4], "texture": "#0"},
				"west": {"uv": [2, 2, 3, 4], "texture": "#0"},
				"up": {"uv": [2, 2, 2, 1], "texture": "#0"},
				"down": {"uv": [2, 1, 2, 2], "texture": "#0"}
			}
		},
		{
			"from": [0.6, 12.35, 9.1],
			"to": [1.2, 14.95, 10.7],
			"rotation": {"angle": -22.5, "axis": "z", "origin": [2.9, 12.65, 9.4]},
			"faces": {
				"north": {"uv": [2, 2, 2, 4], "texture": "#0"},
				"east": {"uv": [1, 2, 2, 4], "texture": "#0"},
				"south": {"uv": [3, 2, 3, 4], "texture": "#0"},
				"west": {"uv": [2, 2, 3, 4], "texture": "#0"},
				"up": {"uv": [2, 2, 2, 1], "texture": "#0"},
				"down": {"uv": [2, 1, 2, 2], "texture": "#0"}
			}
		},
		{
			"from": [0.6, 12.6, 9.6],
			"to": [1.2, 15.2, 11.2],
			"rotation": {"angle": -22.5, "axis": "z", "origin": [2.9, 12.9, 9.9]},
			"faces": {
				"north": {"uv": [2, 2, 2, 4], "texture": "#0"},
				"east": {"uv": [1, 2, 2, 4], "texture": "#0"},
				"south": {"uv": [3, 2, 3, 4], "texture": "#0"},
				"west": {"uv": [2, 2, 3, 4], "texture": "#0"},
				"up": {"uv": [2, 2, 2, 1], "texture": "#0"},
				"down": {"uv": [2, 1, 2, 2], "texture": "#0"}
			}
		},
		{
			"from": [0.6, 12.1, 9.6],
			"to": [1.2, 14.7, 11.2],
			"rotation": {"angle": -22.5, "axis": "z", "origin": [2.9, 12.4, 9.9]},
			"faces": {
				"north": {"uv": [2, 2, 2, 4], "texture": "#0"},
				"east": {"uv": [1, 2, 2, 4], "texture": "#0"},
				"south": {"uv": [3, 2, 3, 4], "texture": "#0"},
				"west": {"uv": [2, 2, 3, 4], "texture": "#0"},
				"up": {"uv": [2, 2, 2, 1], "texture": "#0"},
				"down": {"uv": [2, 1, 2, 2], "texture": "#0"}
			}
		},
		{
			"from": [0.6, 12.35, 10.1],
			"to": [1.2, 14.95, 11.7],
			"rotation": {"angle": -22.5, "axis": "z", "origin": [2.9, 12.65, 10.4]},
			"faces": {
				"north": {"uv": [2, 2, 2, 4], "texture": "#0"},
				"east": {"uv": [1, 2, 2, 4], "texture": "#0"},
				"south": {"uv": [3, 2, 3, 4], "texture": "#0"},
				"west": {"uv": [2, 2, 3, 4], "texture": "#0"},
				"up": {"uv": [2, 2, 2, 1], "texture": "#0"},
				"down": {"uv": [2, 1, 2, 2], "texture": "#0"}
			}
		},
		{
			"from": [0.6, 12.85, 10.35],
			"to": [1.2, 15.45, 11.95],
			"rotation": {"angle": -22.5, "axis": "z", "origin": [2.9, 13.15, 10.65]},
			"faces": {
				"north": {"uv": [2, 2, 2, 4], "texture": "#0"},
				"east": {"uv": [1, 2, 2, 4], "texture": "#0"},
				"south": {"uv": [3, 2, 3, 4], "texture": "#0"},
				"west": {"uv": [2, 2, 3, 4], "texture": "#0"},
				"up": {"uv": [2, 2, 2, 1], "texture": "#0"},
				"down": {"uv": [2, 1, 2, 2], "texture": "#0"}
			}
		},
		{
			"from": [0.6, 13.1, 10.6],
			"to": [1.2, 15.7, 12.2],
			"rotation": {"angle": -22.5, "axis": "z", "origin": [2.9, 13.4, 10.9]},
			"faces": {
				"north": {"uv": [2, 2, 2, 4], "texture": "#0"},
				"east": {"uv": [1, 2, 2, 4], "texture": "#0"},
				"south": {"uv": [3, 2, 3, 4], "texture": "#0"},
				"west": {"uv": [2, 2, 3, 4], "texture": "#0"},
				"up": {"uv": [2, 2, 2, 1], "texture": "#0"},
				"down": {"uv": [2, 1, 2, 2], "texture": "#0"}
			}
		},
		{
			"from": [0.6, 12.1, 11.35],
			"to": [1.2, 14.7, 12.95],
			"rotation": {"angle": -22.5, "axis": "z", "origin": [2.9, 12.4, 11.65]},
			"faces": {
				"north": {"uv": [2, 2, 2, 4], "texture": "#0"},
				"east": {"uv": [1, 2, 2, 4], "texture": "#0"},
				"south": {"uv": [3, 2, 3, 4], "texture": "#0"},
				"west": {"uv": [2, 2, 3, 4], "texture": "#0"},
				"up": {"uv": [2, 2, 2, 1], "texture": "#0"},
				"down": {"uv": [2, 1, 2, 2], "texture": "#0"}
			}
		},
		{
			"from": [0.6, 13.35, 11.1],
			"to": [1.2, 15.95, 12.7],
			"rotation": {"angle": -22.5, "axis": "z", "origin": [2.9, 13.65, 11.4]},
			"faces": {
				"north": {"uv": [2, 2, 2, 4], "texture": "#0"},
				"east": {"uv": [1, 2, 2, 4], "texture": "#0"},
				"south": {"uv": [3, 2, 3, 4], "texture": "#0"},
				"west": {"uv": [2, 2, 3, 4], "texture": "#0"},
				"up": {"uv": [2, 2, 2, 1], "texture": "#0"},
				"down": {"uv": [2, 1, 2, 2], "texture": "#0"}
			}
		},
		{
			"from": [0.6, 12.85, 12.35],
			"to": [1.2, 15.45, 13.95],
			"rotation": {"angle": -22.5, "axis": "z", "origin": [2.9, 13.15, 12.65]},
			"faces": {
				"north": {"uv": [2, 2, 2, 4], "texture": "#0"},
				"east": {"uv": [1, 2, 2, 4], "texture": "#0"},
				"south": {"uv": [3, 2, 3, 4], "texture": "#0"},
				"west": {"uv": [2, 2, 3, 4], "texture": "#0"},
				"up": {"uv": [2, 2, 2, 1], "texture": "#0"},
				"down": {"uv": [2, 1, 2, 2], "texture": "#0"}
			}
		},
		{
			"from": [0.6, 13.6, 12.1],
			"to": [1.2, 16.2, 13.7],
			"rotation": {"angle": -22.5, "axis": "z", "origin": [2.9, 13.9, 12.4]},
			"faces": {
				"north": {"uv": [2, 2, 2, 4], "texture": "#0"},
				"east": {"uv": [1, 2, 2, 4], "texture": "#0"},
				"south": {"uv": [3, 2, 3, 4], "texture": "#0"},
				"west": {"uv": [2, 2, 3, 4], "texture": "#0"},
				"up": {"uv": [2, 2, 2, 1], "texture": "#0"},
				"down": {"uv": [2, 1, 2, 2], "texture": "#0"}
			}
		},
		{
			"from": [0.6, 13.85, 12.6],
			"to": [1.2, 16.45, 14.2],
			"rotation": {"angle": -22.5, "axis": "z", "origin": [2.9, 14.15, 12.9]},
			"faces": {
				"north": {"uv": [2, 2, 2, 4], "texture": "#0"},
				"east": {"uv": [1, 2, 2, 4], "texture": "#0"},
				"south": {"uv": [3, 2, 3, 4], "texture": "#0"},
				"west": {"uv": [2, 2, 3, 4], "texture": "#0"},
				"up": {"uv": [2, 2, 2, 1], "texture": "#0"},
				"down": {"uv": [2, 1, 2, 2], "texture": "#0"}
			}
		},
		{
			"from": [0.6, 14.85, 11.85],
			"to": [1.2, 17.45, 13.45],
			"rotation": {"angle": -22.5, "axis": "z", "origin": [2.9, 15.15, 12.15]},
			"faces": {
				"north": {"uv": [2, 2, 2, 4], "texture": "#0"},
				"east": {"uv": [1, 2, 2, 4], "texture": "#0"},
				"south": {"uv": [3, 2, 3, 4], "texture": "#0"},
				"west": {"uv": [2, 2, 3, 4], "texture": "#0"},
				"up": {"uv": [2, 2, 2, 1], "texture": "#0"},
				"down": {"uv": [2, 1, 2, 2], "texture": "#0"}
			}
		},
		{
			"from": [0.6, 15.1, 12.35],
			"to": [1.2, 17.7, 13.95],
			"rotation": {"angle": -22.5, "axis": "z", "origin": [2.9, 15.4, 12.65]},
			"faces": {
				"north": {"uv": [2, 2, 2, 4], "texture": "#0"},
				"east": {"uv": [1, 2, 2, 4], "texture": "#0"},
				"south": {"uv": [3, 2, 3, 4], "texture": "#0"},
				"west": {"uv": [2, 2, 3, 4], "texture": "#0"},
				"up": {"uv": [2, 2, 2, 1], "texture": "#0"},
				"down": {"uv": [2, 1, 2, 2], "texture": "#0"}
			}
		},
		{
			"from": [0.6, 14.85, 12.85],
			"to": [1.2, 17.45, 14.45],
			"rotation": {"angle": -22.5, "axis": "z", "origin": [2.9, 15.15, 13.15]},
			"faces": {
				"north": {"uv": [2, 2, 2, 4], "texture": "#0"},
				"east": {"uv": [1, 2, 2, 4], "texture": "#0"},
				"south": {"uv": [3, 2, 3, 4], "texture": "#0"},
				"west": {"uv": [2, 2, 3, 4], "texture": "#0"},
				"up": {"uv": [2, 2, 2, 1], "texture": "#0"},
				"down": {"uv": [2, 1, 2, 2], "texture": "#0"}
			}
		},
		{
			"from": [0.6, 15.35, 13.1],
			"to": [1.2, 17.95, 14.7],
			"rotation": {"angle": -22.5, "axis": "z", "origin": [2.9, 15.65, 13.4]},
			"faces": {
				"north": {"uv": [2, 2, 2, 4], "texture": "#0"},
				"east": {"uv": [1, 2, 2, 4], "texture": "#0"},
				"south": {"uv": [3, 2, 3, 4], "texture": "#0"},
				"west": {"uv": [2, 2, 3, 4], "texture": "#0"},
				"up": {"uv": [2, 2, 2, 1], "texture": "#0"},
				"down": {"uv": [2, 1, 2, 2], "texture": "#0"}
			}
		},
		{
			"from": [0.6, 12.6, 11.6],
			"to": [1.2, 15.2, 13.2],
			"rotation": {"angle": -22.5, "axis": "z", "origin": [2.9, 12.9, 11.9]},
			"faces": {
				"north": {"uv": [2, 2, 2, 4], "texture": "#0"},
				"east": {"uv": [1, 2, 2, 4], "texture": "#0"},
				"south": {"uv": [3, 2, 3, 4], "texture": "#0"},
				"west": {"uv": [2, 2, 3, 4], "texture": "#0"},
				"up": {"uv": [2, 2, 2, 1], "texture": "#0"},
				"down": {"uv": [2, 1, 2, 2], "texture": "#0"}
			}
		},
		{
			"from": [0.6, 13.85, 11.35],
			"to": [1.2, 16.45, 12.95],
			"rotation": {"angle": -22.5, "axis": "z", "origin": [2.9, 14.15, 11.65]},
			"faces": {
				"north": {"uv": [2, 2, 2, 4], "texture": "#0"},
				"east": {"uv": [1, 2, 2, 4], "texture": "#0"},
				"south": {"uv": [3, 2, 3, 4], "texture": "#0"},
				"west": {"uv": [2, 2, 3, 4], "texture": "#0"},
				"up": {"uv": [2, 2, 2, 1], "texture": "#0"},
				"down": {"uv": [2, 1, 2, 2], "texture": "#0"}
			}
		},
		{
			"from": [0.6, 15.85, 11.85],
			"to": [1.2, 18.45, 13.45],
			"rotation": {"angle": -22.5, "axis": "z", "origin": [2.9, 16.15, 12.15]},
			"faces": {
				"north": {"uv": [2, 2, 2, 4], "texture": "#0"},
				"east": {"uv": [1, 2, 2, 4], "texture": "#0"},
				"south": {"uv": [3, 2, 3, 4], "texture": "#0"},
				"west": {"uv": [2, 2, 3, 4], "texture": "#0"},
				"up": {"uv": [2, 2, 2, 1], "texture": "#0"},
				"down": {"uv": [2, 1, 2, 2], "texture": "#0"}
			}
		},
		{
			"from": [0.6, 15.6, 12.6],
			"to": [1.2, 18.2, 14.2],
			"rotation": {"angle": -22.5, "axis": "z", "origin": [2.9, 15.9, 12.9]},
			"faces": {
				"north": {"uv": [2, 2, 2, 4], "texture": "#0"},
				"east": {"uv": [1, 2, 2, 4], "texture": "#0"},
				"south": {"uv": [3, 2, 3, 4], "texture": "#0"},
				"west": {"uv": [2, 2, 3, 4], "texture": "#0"},
				"up": {"uv": [2, 2, 2, 1], "texture": "#0"},
				"down": {"uv": [2, 1, 2, 2], "texture": "#0"}
			}
		},
		{
			"from": [0.6, 16.1, 12.85],
			"to": [1.2, 18.7, 14.45],
			"rotation": {"angle": -22.5, "axis": "z", "origin": [2.9, 16.4, 13.15]},
			"faces": {
				"north": {"uv": [2, 2, 2, 4], "texture": "#0"},
				"east": {"uv": [1, 2, 2, 4], "texture": "#0"},
				"south": {"uv": [3, 2, 3, 4], "texture": "#0"},
				"west": {"uv": [2, 2, 3, 4], "texture": "#0"},
				"up": {"uv": [2, 2, 2, 1], "texture": "#0"},
				"down": {"uv": [2, 1, 2, 2], "texture": "#0"}
			}
		},
		{
			"from": [0.6, 14.35, 12.85],
			"to": [1.2, 16.95, 14.45],
			"rotation": {"angle": -22.5, "axis": "z", "origin": [2.9, 14.65, 13.15]},
			"faces": {
				"north": {"uv": [2, 2, 2, 4], "texture": "#0"},
				"east": {"uv": [1, 2, 2, 4], "texture": "#0"},
				"south": {"uv": [3, 2, 3, 4], "texture": "#0"},
				"west": {"uv": [2, 2, 3, 4], "texture": "#0"},
				"up": {"uv": [2, 2, 2, 1], "texture": "#0"},
				"down": {"uv": [2, 1, 2, 2], "texture": "#0"}
			}
		},
		{
			"from": [0.6, 14.35, 11.35],
			"to": [1.2, 16.95, 12.95],
			"rotation": {"angle": -22.5, "axis": "z", "origin": [2.9, 14.65, 11.65]},
			"faces": {
				"north": {"uv": [2, 2, 2, 4], "texture": "#0"},
				"east": {"uv": [1, 2, 2, 4], "texture": "#0"},
				"south": {"uv": [3, 2, 3, 4], "texture": "#0"},
				"west": {"uv": [2, 2, 3, 4], "texture": "#0"},
				"up": {"uv": [2, 2, 2, 1], "texture": "#0"},
				"down": {"uv": [2, 1, 2, 2], "texture": "#0"}
			}
		},
		{
			"from": [0.6, 12.35, 7.6],
			"to": [1.2, 14.95, 9.2],
			"rotation": {"angle": -22.5, "axis": "z", "origin": [2.9, 12.65, 7.9]},
			"faces": {
				"north": {"uv": [2, 2, 2, 4], "texture": "#0"},
				"east": {"uv": [1, 2, 2, 4], "texture": "#0"},
				"south": {"uv": [3, 2, 3, 4], "texture": "#0"},
				"west": {"uv": [2, 2, 3, 4], "texture": "#0"},
				"up": {"uv": [2, 2, 2, 1], "texture": "#0"},
				"down": {"uv": [2, 1, 2, 2], "texture": "#0"}
			}
		},
		{
			"from": [1.1, 12.35, 9.1],
			"to": [1.7, 14.95, 10.7],
			"rotation": {"angle": -45, "axis": "y", "origin": [3.4, 12.65, 9.4]},
			"faces": {
				"north": {"uv": [2, 2, 2, 4], "texture": "#0"},
				"east": {"uv": [1, 2, 2, 4], "texture": "#0"},
				"south": {"uv": [3, 2, 3, 4], "texture": "#0"},
				"west": {"uv": [2, 2, 3, 4], "texture": "#0"},
				"up": {"uv": [2, 2, 2, 1], "texture": "#0"},
				"down": {"uv": [2, 1, 2, 2], "texture": "#0"}
			}
		},
		{
			"from": [1.1, 12.85, 11.1],
			"to": [1.7, 15.45, 12.7],
			"rotation": {"angle": -45, "axis": "y", "origin": [3.4, 13.15, 11.4]},
			"faces": {
				"north": {"uv": [2, 2, 2, 4], "texture": "#0"},
				"east": {"uv": [1, 2, 2, 4], "texture": "#0"},
				"south": {"uv": [3, 2, 3, 4], "texture": "#0"},
				"west": {"uv": [2, 2, 3, 4], "texture": "#0"},
				"up": {"uv": [2, 2, 2, 1], "texture": "#0"},
				"down": {"uv": [2, 1, 2, 2], "texture": "#0"}
			}
		},
		{
			"from": [0.85, 13.85, 12.6],
			"to": [1.45, 16.45, 14.2],
			"rotation": {"angle": -45, "axis": "y", "origin": [3.15, 14.15, 12.9]},
			"faces": {
				"north": {"uv": [2, 2, 2, 4], "texture": "#0"},
				"east": {"uv": [1, 2, 2, 4], "texture": "#0"},
				"south": {"uv": [3, 2, 3, 4], "texture": "#0"},
				"west": {"uv": [2, 2, 3, 4], "texture": "#0"},
				"up": {"uv": [2, 2, 2, 1], "texture": "#0"},
				"down": {"uv": [2, 1, 2, 2], "texture": "#0"}
			}
		},
		{
			"from": [0.85, 14.85, 13.35],
			"to": [1.45, 17.45, 14.95],
			"rotation": {"angle": -45, "axis": "y", "origin": [3.15, 15.15, 13.65]},
			"faces": {
				"north": {"uv": [2, 2, 2, 4], "texture": "#0"},
				"east": {"uv": [1, 2, 2, 4], "texture": "#0"},
				"south": {"uv": [3, 2, 3, 4], "texture": "#0"},
				"west": {"uv": [2, 2, 3, 4], "texture": "#0"},
				"up": {"uv": [2, 2, 2, 1], "texture": "#0"},
				"down": {"uv": [2, 1, 2, 2], "texture": "#0"}
			}
		},
		{
			"from": [0.85, 15.85, 14.1],
			"to": [1.45, 18.45, 15.7],
			"rotation": {"angle": -45, "axis": "y", "origin": [3.15, 16.15, 14.4]},
			"faces": {
				"north": {"uv": [2, 2, 2, 4], "texture": "#0"},
				"east": {"uv": [1, 2, 2, 4], "texture": "#0"},
				"south": {"uv": [3, 2, 3, 4], "texture": "#0"},
				"west": {"uv": [2, 2, 3, 4], "texture": "#0"},
				"up": {"uv": [2, 2, 2, 1], "texture": "#0"},
				"down": {"uv": [2, 1, 2, 2], "texture": "#0"}
			}
		},
		{
			"from": [1.35, 12.35, 6.85],
			"to": [2.95, 14.95, 7.45],
			"rotation": {"angle": 22.5, "axis": "x", "origin": [2.65, 12.65, 9.15]},
			"faces": {
				"north": {"uv": [1, 1, 2, 3], "texture": "#0"},
				"east": {"uv": [1, 1, 1, 3], "texture": "#0"},
				"south": {"uv": [2, 1, 3, 3], "texture": "#0"},
				"west": {"uv": [2, 1, 2, 3], "texture": "#0"},
				"up": {"uv": [2, 1, 1, 1], "texture": "#0"},
				"down": {"uv": [3, 1, 2, 1], "texture": "#0"}
			}
		},
		{
			"from": [1.35, 12.85, 8.6],
			"to": [1.95, 15.45, 10.2],
			"rotation": {"angle": -45, "axis": "y", "origin": [3.65, 13.15, 8.9]},
			"faces": {
				"north": {"uv": [2, 2, 2, 4], "texture": "#0"},
				"east": {"uv": [1, 2, 2, 4], "texture": "#0"},
				"south": {"uv": [3, 2, 3, 4], "texture": "#0"},
				"west": {"uv": [2, 2, 3, 4], "texture": "#0"},
				"up": {"uv": [2, 2, 2, 1], "texture": "#0"},
				"down": {"uv": [2, 1, 2, 2], "texture": "#0"}
			}
		},
		{
			"from": [1.85, 12.6, 6.85],
			"to": [3.45, 15.2, 7.45],
			"rotation": {"angle": 22.5, "axis": "x", "origin": [3.15, 12.9, 9.15]},
			"faces": {
				"north": {"uv": [1, 1, 2, 3], "texture": "#0"},
				"east": {"uv": [1, 1, 1, 3], "texture": "#0"},
				"south": {"uv": [2, 1, 3, 3], "texture": "#0"},
				"west": {"uv": [2, 1, 2, 3], "texture": "#0"},
				"up": {"uv": [2, 1, 1, 1], "texture": "#0"},
				"down": {"uv": [3, 1, 2, 1], "texture": "#0"}
			}
		},
		{
			"from": [2.1, 12.1, 6.85],
			"to": [3.7, 14.7, 7.45],
			"rotation": {"angle": 22.5, "axis": "x", "origin": [3.4, 12.4, 9.15]},
			"faces": {
				"north": {"uv": [1, 1, 2, 3], "texture": "#0"},
				"east": {"uv": [1, 1, 1, 3], "texture": "#0"},
				"south": {"uv": [2, 1, 3, 3], "texture": "#0"},
				"west": {"uv": [2, 1, 2, 3], "texture": "#0"},
				"up": {"uv": [2, 1, 1, 1], "texture": "#0"},
				"down": {"uv": [3, 1, 2, 1], "texture": "#0"}
			}
		},
		{
			"from": [1.6, 11.6, 6.85],
			"to": [3.2, 14.2, 7.45],
			"rotation": {"angle": 22.5, "axis": "x", "origin": [2.9, 11.9, 9.15]},
			"faces": {
				"north": {"uv": [1, 1, 2, 3], "texture": "#0"},
				"east": {"uv": [1, 1, 1, 3], "texture": "#0"},
				"south": {"uv": [2, 1, 3, 3], "texture": "#0"},
				"west": {"uv": [2, 1, 2, 3], "texture": "#0"},
				"up": {"uv": [2, 1, 1, 1], "texture": "#0"},
				"down": {"uv": [3, 1, 2, 1], "texture": "#0"}
			}
		},
		{
			"from": [2.85, 11.35, 6.85],
			"to": [4.45, 13.95, 7.45],
			"rotation": {"angle": 22.5, "axis": "x", "origin": [4.15, 11.65, 9.15]},
			"faces": {
				"north": {"uv": [1, 1, 2, 3], "texture": "#0"},
				"east": {"uv": [1, 1, 1, 3], "texture": "#0"},
				"south": {"uv": [2, 1, 3, 3], "texture": "#0"},
				"west": {"uv": [2, 1, 2, 3], "texture": "#0"},
				"up": {"uv": [2, 1, 1, 1], "texture": "#0"},
				"down": {"uv": [3, 1, 2, 1], "texture": "#0"}
			}
		},
		{
			"from": [3.1, 12.35, 6.85],
			"to": [4.7, 14.95, 7.45],
			"rotation": {"angle": 22.5, "axis": "x", "origin": [4.4, 12.65, 9.15]},
			"faces": {
				"north": {"uv": [1, 1, 2, 3], "texture": "#0"},
				"east": {"uv": [1, 1, 1, 3], "texture": "#0"},
				"south": {"uv": [2, 1, 3, 3], "texture": "#0"},
				"west": {"uv": [2, 1, 2, 3], "texture": "#0"},
				"up": {"uv": [2, 1, 1, 1], "texture": "#0"},
				"down": {"uv": [3, 1, 2, 1], "texture": "#0"}
			}
		},
		{
			"from": [3.35, 11.1, 6.85],
			"to": [4.95, 13.7, 7.45],
			"rotation": {"angle": 22.5, "axis": "x", "origin": [4.65, 11.4, 9.15]},
			"faces": {
				"north": {"uv": [1, 1, 2, 3], "texture": "#0"},
				"east": {"uv": [1, 1, 1, 3], "texture": "#0"},
				"south": {"uv": [2, 1, 3, 3], "texture": "#0"},
				"west": {"uv": [2, 1, 2, 3], "texture": "#0"},
				"up": {"uv": [2, 1, 1, 1], "texture": "#0"},
				"down": {"uv": [3, 1, 2, 1], "texture": "#0"}
			}
		},
		{
			"from": [0.6, 11.6, 10.35],
			"to": [1.2, 14.2, 11.95],
			"rotation": {"angle": -22.5, "axis": "z", "origin": [2.9, 11.9, 10.65]},
			"faces": {
				"north": {"uv": [2, 2, 2, 4], "texture": "#0"},
				"east": {"uv": [1, 2, 2, 4], "texture": "#0"},
				"south": {"uv": [3, 2, 3, 4], "texture": "#0"},
				"west": {"uv": [2, 2, 3, 4], "texture": "#0"},
				"up": {"uv": [2, 2, 2, 1], "texture": "#0"},
				"down": {"uv": [2, 1, 2, 2], "texture": "#0"}
			}
		},
		{
			"from": [0.6, 11.35, 8.85],
			"to": [1.2, 13.95, 10.45],
			"rotation": {"angle": -22.5, "axis": "z", "origin": [2.9, 11.65, 9.15]},
			"faces": {
				"north": {"uv": [2, 2, 2, 4], "texture": "#0"},
				"east": {"uv": [1, 2, 2, 4], "texture": "#0"},
				"south": {"uv": [3, 2, 3, 4], "texture": "#0"},
				"west": {"uv": [2, 2, 3, 4], "texture": "#0"},
				"up": {"uv": [2, 2, 2, 1], "texture": "#0"},
				"down": {"uv": [2, 1, 2, 2], "texture": "#0"}
			}
		},
		{
			"from": [0.6, 11.1, 9.85],
			"to": [1.2, 13.7, 11.45],
			"rotation": {"angle": -22.5, "axis": "z", "origin": [2.9, 11.4, 10.15]},
			"faces": {
				"north": {"uv": [2, 2, 2, 4], "texture": "#0"},
				"east": {"uv": [1, 2, 2, 4], "texture": "#0"},
				"south": {"uv": [3, 2, 3, 4], "texture": "#0"},
				"west": {"uv": [2, 2, 3, 4], "texture": "#0"},
				"up": {"uv": [2, 2, 2, 1], "texture": "#0"},
				"down": {"uv": [2, 1, 2, 2], "texture": "#0"}
			}
		},
		{
			"from": [0.35, 11.6, 11.1],
			"to": [0.95, 14.2, 12.7],
			"rotation": {"angle": -22.5, "axis": "z", "origin": [2.65, 11.9, 11.4]},
			"faces": {
				"north": {"uv": [2, 2, 2, 4], "texture": "#0"},
				"east": {"uv": [1, 2, 2, 4], "texture": "#0"},
				"south": {"uv": [3, 2, 3, 4], "texture": "#0"},
				"west": {"uv": [2, 2, 3, 4], "texture": "#0"},
				"up": {"uv": [2, 2, 2, 1], "texture": "#0"},
				"down": {"uv": [2, 1, 2, 2], "texture": "#0"}
			}
		},
		{
			"from": [0.85, 11.6, 11.85],
			"to": [1.45, 14.2, 13.45],
			"rotation": {"angle": -22.5, "axis": "z", "origin": [3.15, 11.9, 12.15]},
			"faces": {
				"north": {"uv": [2, 2, 2, 4], "texture": "#0"},
				"east": {"uv": [1, 2, 2, 4], "texture": "#0"},
				"south": {"uv": [3, 2, 3, 4], "texture": "#0"},
				"west": {"uv": [2, 2, 3, 4], "texture": "#0"},
				"up": {"uv": [2, 2, 2, 1], "texture": "#0"},
				"down": {"uv": [2, 1, 2, 2], "texture": "#0"}
			}
		},
		{
			"from": [0.85, 11.85, 12.1],
			"to": [1.45, 14.45, 13.7],
			"rotation": {"angle": -22.5, "axis": "z", "origin": [3.15, 12.15, 12.4]},
			"faces": {
				"north": {"uv": [2, 2, 2, 4], "texture": "#0"},
				"east": {"uv": [1, 2, 2, 4], "texture": "#0"},
				"south": {"uv": [3, 2, 3, 4], "texture": "#0"},
				"west": {"uv": [2, 2, 3, 4], "texture": "#0"},
				"up": {"uv": [2, 2, 2, 1], "texture": "#0"},
				"down": {"uv": [2, 1, 2, 2], "texture": "#0"}
			}
		},
		{
			"from": [1.1, 12.6, 9.6],
			"to": [1.7, 15.2, 11.2],
			"rotation": {"angle": -45, "axis": "y", "origin": [3.4, 12.9, 9.9]},
			"faces": {
				"north": {"uv": [2, 2, 2, 4], "texture": "#0"},
				"east": {"uv": [1, 2, 2, 4], "texture": "#0"},
				"south": {"uv": [3, 2, 3, 4], "texture": "#0"},
				"west": {"uv": [2, 2, 3, 4], "texture": "#0"},
				"up": {"uv": [2, 2, 2, 1], "texture": "#0"},
				"down": {"uv": [2, 1, 2, 2], "texture": "#0"}
			}
		},
		{
			"from": [1.6, 12.35, 8.85],
			"to": [2.2, 14.95, 10.45],
			"rotation": {"angle": -45, "axis": "y", "origin": [3.9, 12.65, 9.15]},
			"faces": {
				"north": {"uv": [2, 2, 2, 4], "texture": "#0"},
				"east": {"uv": [1, 2, 2, 4], "texture": "#0"},
				"south": {"uv": [3, 2, 3, 4], "texture": "#0"},
				"west": {"uv": [2, 2, 3, 4], "texture": "#0"},
				"up": {"uv": [2, 2, 2, 1], "texture": "#0"},
				"down": {"uv": [2, 1, 2, 2], "texture": "#0"}
			}
		},
		{
			"from": [1.1, 12.35, 8.85],
			"to": [2.45, 14.45, 10.45],
			"rotation": {"angle": -45, "axis": "y", "origin": [3.4, 12.9, 9.15]},
			"faces": {
				"north": {"uv": [2, 2, 2, 3], "texture": "#0"},
				"east": {"uv": [1, 2, 2, 3], "texture": "#0"},
				"south": {"uv": [3, 2, 3, 3], "texture": "#0"},
				"west": {"uv": [2, 2, 3, 3], "texture": "#0"},
				"up": {"uv": [2, 2, 2, 1], "texture": "#0"},
				"down": {"uv": [2, 1, 2, 2], "texture": "#0"}
			}
		}
	],
	"display": {
		"thirdperson_righthand": {
			"translation": [0, -3.75, 0],
			"scale": [0.4, 0.4, 0.4]
		},
		"thirdperson_lefthand": {
			"translation": [0, -3, 0],
			"scale": [0.4, 0.4, 0.4]
		},
		"firstperson_righthand": {
			"translation": [5.75, -1.5, 0],
			"scale": [0.7, 0.7, 0.7]
		},
		"firstperson_lefthand": {
			"translation": [6.5, -2, 0],
			"scale": [0.7, 0.7, 0.7]
		},
		"ground": {
			"translation": [0, -7, 0]
		},
		"gui": {
			"rotation": [-172.57, -25.32, -172.93],
			"translation": [1, -7, 0],
			"scale": [0.8, 0.8, 0.8]
		},
		"head": {
			"translation": [0, -11, -6.25]
		},
		"fixed": {
			"rotation": [0, 45.25, 0],
			"translation": [-5.75, -6.5, 0]
		}
	}
}