{
    "parent": "minecraft:item/generated",
    "textures": {
      "layer0": "minecraft:item/carved_pumpkin"
    },
    "overrides": [
      {"predicate": {"custom_model_data": 111},"model": "craftwell:block/facial_hair/curly_mustache_black"},
      {"predicate": {"custom_model_data": 112},"model": "craftwell:block/facial_hair/curly_mustache_blonde"},
      {"predicate": {"custom_model_data": 113},"model": "craftwell:block/facial_hair/curly_mustache_brown"},
      {"predicate": {"custom_model_data": 114},"model": "craftwell:block/facial_hair/curly_mustache_red"},
      {"predicate": {"custom_model_data": 115},"model": "craftwell:block/facial_hair/curly_mustache_white"},
      {"predicate": {"custom_model_data": 121},"model": "craftwell:block/facial_hair/mustache_black"},
      {"predicate": {"custom_model_data": 122},"model": "craftwell:block/facial_hair/mustache_blonde"},
      {"predicate": {"custom_model_data": 123},"model": "craftwell:block/facial_hair/mustache_brown"},
      {"predicate": {"custom_model_data": 124},"model": "craftwell:block/facial_hair/mustache_red"},
      {"predicate": {"custom_model_data": 125},"model": "craftwell:block/facial_hair/mustache_white"},
      {"predicate": {"custom_model_data": 131},"model": "craftwell:block/facial_hair/long_beard_black"},
      {"predicate": {"custom_model_data": 132},"model": "craftwell:block/facial_hair/long_beard_blonde"},
      {"predicate": {"custom_model_data": 133},"model": "craftwell:block/facial_hair/long_beard_brown"},
      {"predicate": {"custom_model_data": 134},"model": "craftwell:block/facial_hair/long_beard_red"},
      {"predicate": {"custom_model_data": 135},"model": "craftwell:block/facial_hair/long_beard_white"},
      {"predicate": {"custom_model_data": 141},"model": "craftwell:block/facial_hair/short_beard_black"},
      {"predicate": {"custom_model_data": 142},"model": "craftwell:block/facial_hair/short_beard_blonde"},
      {"predicate": {"custom_model_data": 143},"model": "craftwell:block/facial_hair/short_beard_brown"},
      {"predicate": {"custom_model_data": 144},"model": "craftwell:block/facial_hair/short_beard_red"},
      {"predicate": {"custom_model_data": 145},"model": "craftwell:block/facial_hair/short_beard_white"},
      {"predicate": {"custom_model_data": 151},"model": "craftwell:block/facial_hair/soul_patch_black"},
      {"predicate": {"custom_model_data": 152},"model": "craftwell:block/facial_hair/soul_patch_blonde"},
      {"predicate": {"custom_model_data": 153},"model": "craftwell:block/facial_hair/soul_patch_brown"},
      {"predicate": {"custom_model_data": 154},"model": "craftwell:block/facial_hair/soul_patch_red"},
      {"predicate": {"custom_model_data": 155},"model": "craftwell:block/facial_hair/soul_patch_white"},
      {"predicate": {"custom_model_data": 161},"model": "craftwell:block/facial_hair/mutton_chops_black"},
      {"predicate": {"custom_model_data": 162},"model": "craftwell:block/facial_hair/mutton_chops_blonde"},
      {"predicate": {"custom_model_data": 163},"model": "craftwell:block/facial_hair/mutton_chops_brown"},
      {"predicate": {"custom_model_data": 164},"model": "craftwell:block/facial_hair/mutton_chops_red"},
      {"predicate": {"custom_model_data": 165},"model": "craftwell:block/facial_hair/mutton_chops_white"}

    ]
  }