{
  "variants": {
    "": [
	{"model": "minecraft:block/allium1"},
	{"model": "minecraft:block/allium1", "y": 90},
	{"model": "minecraft:block/allium1", "y": 180},
	{"model": "minecraft:block/allium1", "y": 270},
	{"model": "minecraft:block/allium2"},
	{"model": "minecraft:block/allium2", "y": 90},
	{"model": "minecraft:block/allium2", "y": 180},
	{"model": "minecraft:block/allium2", "y": 270},
	{"model": "minecraft:block/allium3"},
	{"model": "minecraft:block/allium3", "y": 90},
	{"model": "minecraft:block/allium3", "y": 180},
	{"model": "minecraft:block/allium3", "y": 270},
	{"model": "minecraft:block/allium4"},
	{"model": "minecraft:block/allium4", "y": 90},
	{"model": "minecraft:block/allium4", "y": 180},
	{"model": "minecraft:block/allium4", "y": 270}
  ]
  }
}