{
    "parent": "minecraft:item/generated",
    "textures": {
      "layer0": "craftwell:item/candy"
    },
    "display": {
		"thirdperson_righthand": {
            "rotation": [0, 20, 0],
            "translation": [-2, -0.5, 0],
            "scale": [0.2, 0.2, 0.2]
        },
		"thirdperson_left": {
            "rotation": [0, 200, 0],
            "translation": [-2, -0.5, 0],
            "scale": [0.2, 0.2, 0.2]
        },
		"firstperson_righthand": {
			"rotation": [0, -90, 25],
			"translation": [4.5, 3.25, 0],
			"scale": [0.3, 0.3, 0.3]
		},
		"firstperson_lefthand": {
			"rotation": [0, -82.5, 0],
			"translation": [5.25, 2, 0],
      "scale": [0.3, 0.3, 0.3]
		},
		"ground": {
			"scale": [0.5, 0.5, 0.5]
		},
		"gui": {
			"scale": [0.5, 0.5, 0.5]
		},
		"fixed": {
			"scale": [0.5, 0.5, 0.5],
			"translation": [0, 0, -5]
		}
	}
}